,metric,value,step
0,ep,11.0,11.0
1,ep,12.0,12.0
2,ep,13.0,13.0
3,ep,14.0,14.0
4,ep,15.0,15.0
5,ep,16.0,16.0
6,ep,17.0,17.0
7,ep,18.0,18.0
8,ep,19.0,19.0
9,ep,20.0,20.0
10,ep,21.0,21.0
11,ep,22.0,22.0
12,ep,23.0,23.0
13,ep,24.0,24.0
14,ep,25.0,25.0
15,ep,26.0,26.0
16,ep,27.0,27.0
17,ep,28.0,28.0
18,ep,29.0,29.0
19,ep,30.0,30.0
20,ep,31.0,31.0
21,ep,32.0,32.0
22,ep,33.0,33.0
23,ep,34.0,34.0
24,ep,35.0,35.0
25,ep,36.0,36.0
26,ep,37.0,37.0
27,ep,38.0,38.0
28,ep,39.0,39.0
29,ep,40.0,40.0
30,ep,41.0,41.0
31,ep,42.0,42.0
32,ep,43.0,43.0
33,ep,44.0,44.0
34,ep,45.0,45.0
35,ep,46.0,46.0
36,ep,47.0,47.0
37,ep,48.0,48.0
38,ep,49.0,49.0
39,ep,50.0,50.0
40,ep,51.0,51.0
41,ep,52.0,52.0
42,ep,53.0,53.0
43,ep,54.0,54.0
44,ep,55.0,55.0
45,ep,56.0,56.0
46,ep,57.0,57.0
47,ep,58.0,58.0
48,ep,59.0,59.0
49,ep,60.0,60.0
50,ep,61.0,61.0
51,ep,62.0,62.0
52,ep,63.0,63.0
53,ep,64.0,64.0
54,ep,65.0,65.0
55,ep,66.0,66.0
56,ep,67.0,67.0
57,ep,68.0,68.0
58,ep,69.0,69.0
59,ep,70.0,70.0
60,ep,71.0,71.0
61,ep,72.0,72.0
62,ep,73.0,73.0
63,ep,74.0,74.0
64,ep,75.0,75.0
65,ep,76.0,76.0
66,ep,77.0,77.0
67,ep,78.0,78.0
68,ep,79.0,79.0
69,ep,80.0,80.0
70,ep,81.0,81.0
71,ep,82.0,82.0
72,ep,83.0,83.0
73,ep,84.0,84.0
74,ep,85.0,85.0
75,ep,86.0,86.0
76,ep,87.0,87.0
77,ep,88.0,88.0
78,ep,89.0,89.0
79,ep,90.0,90.0
80,ep,91.0,91.0
81,ep,92.0,92.0
82,ep,93.0,93.0
83,ep,94.0,94.0
84,ep,95.0,95.0
85,ep,96.0,96.0
86,ep,97.0,97.0
87,ep,98.0,98.0
88,ep,99.0,99.0
89,ep,100.0,100.0
90,ep,101.0,101.0
91,ep,102.0,102.0
92,ep,103.0,103.0
93,ep,104.0,104.0
94,ep,105.0,105.0
95,ep,106.0,106.0
96,ep,107.0,107.0
97,ep,108.0,108.0
98,ep,109.0,109.0
99,ep,110.0,110.0
100,ep,111.0,111.0
101,ep,112.0,112.0
102,ep,113.0,113.0
103,ep,114.0,114.0
104,ep,115.0,115.0
105,ep,116.0,116.0
106,ep,117.0,117.0
107,ep,118.0,118.0
108,ep,119.0,119.0
109,ep,120.0,120.0
110,ep,121.0,121.0
111,ep,122.0,122.0
112,ep,123.0,123.0
113,ep,124.0,124.0
114,ep,125.0,125.0
115,ep,126.0,126.0
116,ep,127.0,127.0
117,ep,128.0,128.0
118,ep,129.0,129.0
119,ep,130.0,130.0
120,ep,131.0,131.0
121,ep,132.0,132.0
122,ep,133.0,133.0
123,ep,134.0,134.0
124,ep,135.0,135.0
125,ep,136.0,136.0
126,ep,137.0,137.0
127,ep,138.0,138.0
128,ep,139.0,139.0
129,ep,140.0,140.0
130,ep,141.0,141.0
131,ep,142.0,142.0
132,ep,143.0,143.0
133,ep,144.0,144.0
134,ep,145.0,145.0
135,ep,146.0,146.0
136,ep,147.0,147.0
137,ep,148.0,148.0
138,ep,149.0,149.0
139,ep,150.0,150.0
140,ep,151.0,151.0
141,ep,152.0,152.0
142,ep,153.0,153.0
143,ep,154.0,154.0
144,ep,155.0,155.0
145,ep,156.0,156.0
146,ep,157.0,157.0
147,ep,158.0,158.0
148,ep,159.0,159.0
149,ep,160.0,160.0
150,ep,161.0,161.0
151,ep,162.0,162.0
152,ep,163.0,163.0
153,ep,164.0,164.0
154,ep,165.0,165.0
155,ep,166.0,166.0
156,ep,167.0,167.0
157,ep,168.0,168.0
158,ep,169.0,169.0
159,ep,170.0,170.0
160,ep,171.0,171.0
161,ep,172.0,172.0
162,ep,173.0,173.0
163,ep,174.0,174.0
164,ep,175.0,175.0
165,ep,176.0,176.0
166,ep,177.0,177.0
167,ep,178.0,178.0
168,ep,179.0,179.0
169,ep,180.0,180.0
170,ep,181.0,181.0
171,ep,182.0,182.0
172,ep,183.0,183.0
173,ep,184.0,184.0
174,ep,185.0,185.0
175,ep,186.0,186.0
176,ep,187.0,187.0
177,ep,188.0,188.0
178,ep,189.0,189.0
179,ep,190.0,190.0
180,ep,191.0,191.0
181,ep,192.0,192.0
182,ep,193.0,193.0
183,ep,194.0,194.0
184,ep,195.0,195.0
185,ep,196.0,196.0
186,ep,197.0,197.0
187,ep,198.0,198.0
188,ep,199.0,199.0
189,ep,200.0,200.0
190,ep,201.0,201.0
191,ep,202.0,202.0
192,ep,203.0,203.0
193,ep,204.0,204.0
194,ep,205.0,205.0
195,ep,206.0,206.0
196,ep,207.0,207.0
197,ep,208.0,208.0
198,ep,209.0,209.0
199,ep,210.0,210.0
200,ep,211.0,211.0
201,ep,212.0,212.0
202,ep,213.0,213.0
203,ep,214.0,214.0
204,ep,215.0,215.0
205,ep,216.0,216.0
206,ep,217.0,217.0
207,ep,218.0,218.0
208,ep,219.0,219.0
209,ep,220.0,220.0
210,ep,221.0,221.0
211,ep,222.0,222.0
212,ep,223.0,223.0
213,ep,224.0,224.0
214,ep,225.0,225.0
215,ep,226.0,226.0
216,ep,227.0,227.0
217,ep,228.0,228.0
218,ep,229.0,229.0
219,ep,230.0,230.0
220,ep,231.0,231.0
221,ep,232.0,232.0
222,ep,233.0,233.0
223,ep,234.0,234.0
224,ep,235.0,235.0
225,ep,236.0,236.0
226,ep,237.0,237.0
227,ep,238.0,238.0
228,ep,239.0,239.0
229,ep,240.0,240.0
230,ep,241.0,241.0
231,ep,242.0,242.0
232,ep,243.0,243.0
233,ep,244.0,244.0
234,ep,245.0,245.0
235,ep,246.0,246.0
236,ep,247.0,247.0
237,ep,248.0,248.0
238,ep,249.0,249.0
239,ep,250.0,250.0
240,ep,251.0,251.0
241,ep,252.0,252.0
242,ep,253.0,253.0
243,ep,254.0,254.0
244,ep,255.0,255.0
245,ep,256.0,256.0
0,av-V-model-pi,-1.4312502145767212,11.0
1,av-V-model-pi,-4.955569267272949,12.0
2,av-V-model-pi,-6.540194511413574,13.0
3,av-V-model-pi,-4.540832042694092,14.0
4,av-V-model-pi,-9.008814811706543,15.0
5,av-V-model-pi,-12.509868621826172,16.0
6,av-V-model-pi,-9.14936351776123,17.0
7,av-V-model-pi,-12.15019702911377,18.0
8,av-V-model-pi,-11.831958770751953,19.0
9,av-V-model-pi,-16.700464248657227,20.0
10,av-V-model-pi,-14.066925048828125,21.0
11,av-V-model-pi,-18.145925521850586,22.0
12,av-V-model-pi,-17.809843063354492,23.0
13,av-V-model-pi,-19.251550674438477,24.0
14,av-V-model-pi,-19.78730010986328,25.0
15,av-V-model-pi,-19.997173309326172,26.0
16,av-V-model-pi,-21.941715240478516,27.0
17,av-V-model-pi,-21.93952751159668,28.0
18,av-V-model-pi,-23.1087589263916,29.0
19,av-V-model-pi,-27.17131233215332,30.0
20,av-V-model-pi,-25.787071228027344,31.0
21,av-V-model-pi,-26.666044235229492,32.0
22,av-V-model-pi,-25.330778121948242,33.0
23,av-V-model-pi,-25.092729568481445,34.0
24,av-V-model-pi,-29.885732650756836,35.0
25,av-V-model-pi,-28.045690536499023,36.0
26,av-V-model-pi,-31.144094467163086,37.0
27,av-V-model-pi,-31.88116455078125,38.0
28,av-V-model-pi,-31.308624267578125,39.0
29,av-V-model-pi,-32.382568359375,40.0
30,av-V-model-pi,-35.66031265258789,41.0
31,av-V-model-pi,-36.678375244140625,42.0
32,av-V-model-pi,-41.48455810546875,43.0
33,av-V-model-pi,-39.061214447021484,44.0
34,av-V-model-pi,-38.460906982421875,45.0
35,av-V-model-pi,-39.262760162353516,46.0
36,av-V-model-pi,-41.46221160888672,47.0
37,av-V-model-pi,-40.57032012939453,48.0
38,av-V-model-pi,-39.94007110595703,49.0
39,av-V-model-pi,-41.0519905090332,50.0
40,av-V-model-pi,-40.98596954345703,51.0
41,av-V-model-pi,-42.28990936279297,52.0
42,av-V-model-pi,-46.90435028076172,53.0
43,av-V-model-pi,-42.81039810180664,54.0
44,av-V-model-pi,-47.03799057006836,55.0
45,av-V-model-pi,-45.18138885498047,56.0
46,av-V-model-pi,-49.37358474731445,57.0
47,av-V-model-pi,-47.56678771972656,58.0
48,av-V-model-pi,-48.80830001831055,59.0
49,av-V-model-pi,-48.67880630493164,60.0
50,av-V-model-pi,-51.10609436035156,61.0
51,av-V-model-pi,-52.01227951049805,62.0
52,av-V-model-pi,-49.55759811401367,63.0
53,av-V-model-pi,-52.867889404296875,64.0
54,av-V-model-pi,-51.55219650268555,65.0
55,av-V-model-pi,-53.33481216430664,66.0
56,av-V-model-pi,-55.531890869140625,67.0
57,av-V-model-pi,-55.70488739013672,68.0
58,av-V-model-pi,-57.03092956542969,69.0
59,av-V-model-pi,-58.07596969604492,70.0
60,av-V-model-pi,-56.118412017822266,71.0
61,av-V-model-pi,-56.40623092651367,72.0
62,av-V-model-pi,-57.460269927978516,73.0
63,av-V-model-pi,-58.167457580566406,74.0
64,av-V-model-pi,-57.41180419921875,75.0
65,av-V-model-pi,-58.085662841796875,76.0
66,av-V-model-pi,-58.66212463378906,77.0
67,av-V-model-pi,-60.056968688964844,78.0
68,av-V-model-pi,-63.78937530517578,79.0
69,av-V-model-pi,-63.782920837402344,80.0
70,av-V-model-pi,-62.41291046142578,81.0
71,av-V-model-pi,-64.2863998413086,82.0
72,av-V-model-pi,-61.6928825378418,83.0
73,av-V-model-pi,-61.58515930175781,84.0
74,av-V-model-pi,-64.82740020751953,85.0
75,av-V-model-pi,-64.64971923828125,86.0
76,av-V-model-pi,-64.05719757080078,87.0
77,av-V-model-pi,-64.0933837890625,88.0
78,av-V-model-pi,-65.66746520996094,89.0
79,av-V-model-pi,-64.09794616699219,90.0
80,av-V-model-pi,-67.1150131225586,91.0
81,av-V-model-pi,-67.5609359741211,92.0
82,av-V-model-pi,-67.75399780273438,93.0
83,av-V-model-pi,-66.03234100341797,94.0
84,av-V-model-pi,-65.95342254638672,95.0
85,av-V-model-pi,-66.93965911865234,96.0
86,av-V-model-pi,-70.68292999267578,97.0
87,av-V-model-pi,-70.24271392822266,98.0
88,av-V-model-pi,-69.46818542480469,99.0
89,av-V-model-pi,-71.37605285644531,100.0
90,av-V-model-pi,-71.66502380371094,101.0
91,av-V-model-pi,-71.24555969238281,102.0
92,av-V-model-pi,-69.37108612060547,103.0
93,av-V-model-pi,-71.21041870117188,104.0
94,av-V-model-pi,-70.95584869384766,105.0
95,av-V-model-pi,-71.51256561279297,106.0
96,av-V-model-pi,-72.07068634033203,107.0
97,av-V-model-pi,-73.34394073486328,108.0
98,av-V-model-pi,-71.30021667480469,109.0
99,av-V-model-pi,-71.47527313232422,110.0
100,av-V-model-pi,-70.97978973388672,111.0
101,av-V-model-pi,-71.57128143310547,112.0
102,av-V-model-pi,-73.99170684814453,113.0
103,av-V-model-pi,-72.50502014160156,114.0
104,av-V-model-pi,-70.15267944335938,115.0
105,av-V-model-pi,-73.4858627319336,116.0
106,av-V-model-pi,-75.0505599975586,117.0
107,av-V-model-pi,-74.75259399414062,118.0
108,av-V-model-pi,-74.44446563720703,119.0
109,av-V-model-pi,-74.42049407958984,120.0
110,av-V-model-pi,-75.83477783203125,121.0
111,av-V-model-pi,-74.0320816040039,122.0
112,av-V-model-pi,-75.04219818115234,123.0
113,av-V-model-pi,-74.69185638427734,124.0
114,av-V-model-pi,-77.30043029785156,125.0
115,av-V-model-pi,-77.70976257324219,126.0
116,av-V-model-pi,-75.67150115966797,127.0
117,av-V-model-pi,-77.63973999023438,128.0
118,av-V-model-pi,-78.2391586303711,129.0
119,av-V-model-pi,-76.82781219482422,130.0
120,av-V-model-pi,-77.1117172241211,131.0
121,av-V-model-pi,-77.22110748291016,132.0
122,av-V-model-pi,-77.71556091308594,133.0
123,av-V-model-pi,-77.48576354980469,134.0
124,av-V-model-pi,-76.2828598022461,135.0
125,av-V-model-pi,-76.40276336669922,136.0
126,av-V-model-pi,-77.5186538696289,137.0
127,av-V-model-pi,-78.67459869384766,138.0
128,av-V-model-pi,-77.9094467163086,139.0
129,av-V-model-pi,-79.25666809082031,140.0
130,av-V-model-pi,-78.12924194335938,141.0
131,av-V-model-pi,-79.40792083740234,142.0
132,av-V-model-pi,-78.01570129394531,143.0
133,av-V-model-pi,-78.6657485961914,144.0
134,av-V-model-pi,-79.12239074707031,145.0
135,av-V-model-pi,-78.37562561035156,146.0
136,av-V-model-pi,-81.10273742675781,147.0
137,av-V-model-pi,-80.92845153808594,148.0
138,av-V-model-pi,-80.76246643066406,149.0
139,av-V-model-pi,-82.40310668945312,150.0
140,av-V-model-pi,-82.83638763427734,151.0
141,av-V-model-pi,-80.93219757080078,152.0
142,av-V-model-pi,-81.93633270263672,153.0
143,av-V-model-pi,-81.42476654052734,154.0
144,av-V-model-pi,-82.10721588134766,155.0
145,av-V-model-pi,-81.83977508544922,156.0
146,av-V-model-pi,-83.43302154541016,157.0
147,av-V-model-pi,-81.50535583496094,158.0
148,av-V-model-pi,-81.44298553466797,159.0
149,av-V-model-pi,-82.8044662475586,160.0
150,av-V-model-pi,-82.95381164550781,161.0
151,av-V-model-pi,-81.921142578125,162.0
152,av-V-model-pi,-81.93817138671875,163.0
153,av-V-model-pi,-82.20758819580078,164.0
154,av-V-model-pi,-82.59806823730469,165.0
155,av-V-model-pi,-83.3399658203125,166.0
156,av-V-model-pi,-82.07328033447266,167.0
157,av-V-model-pi,-82.55204772949219,168.0
158,av-V-model-pi,-84.32046508789062,169.0
159,av-V-model-pi,-83.9483642578125,170.0
160,av-V-model-pi,-83.6364974975586,171.0
161,av-V-model-pi,-81.93804931640625,172.0
162,av-V-model-pi,-82.66345977783203,173.0
163,av-V-model-pi,-83.42042541503906,174.0
164,av-V-model-pi,-85.32538604736328,175.0
165,av-V-model-pi,-84.19087982177734,176.0
166,av-V-model-pi,-83.9620590209961,177.0
167,av-V-model-pi,-83.2680892944336,178.0
168,av-V-model-pi,-83.39778900146484,179.0
169,av-V-model-pi,-82.96156311035156,180.0
170,av-V-model-pi,-84.55284118652344,181.0
171,av-V-model-pi,-86.54608154296875,182.0
172,av-V-model-pi,-86.94267272949219,183.0
173,av-V-model-pi,-86.97611999511719,184.0
174,av-V-model-pi,-85.72473907470703,185.0
175,av-V-model-pi,-85.67798614501953,186.0
176,av-V-model-pi,-85.90992736816406,187.0
177,av-V-model-pi,-86.27703857421875,188.0
178,av-V-model-pi,-84.47380065917969,189.0
179,av-V-model-pi,-87.99044036865234,190.0
180,av-V-model-pi,-86.09869384765625,191.0
181,av-V-model-pi,-88.03356170654297,192.0
182,av-V-model-pi,-88.63324737548828,193.0
183,av-V-model-pi,-87.120361328125,194.0
184,av-V-model-pi,-86.63687133789062,195.0
185,av-V-model-pi,-86.2680435180664,196.0
186,av-V-model-pi,-89.13990783691406,197.0
187,av-V-model-pi,-88.92137908935547,198.0
188,av-V-model-pi,-88.60942077636719,199.0
189,av-V-model-pi,-88.86608123779297,200.0
190,av-V-model-pi,-89.36964416503906,201.0
191,av-V-model-pi,-88.70279693603516,202.0
192,av-V-model-pi,-88.82230377197266,203.0
193,av-V-model-pi,-89.12911224365234,204.0
194,av-V-model-pi,-88.15934753417969,205.0
195,av-V-model-pi,-90.11463928222656,206.0
196,av-V-model-pi,-89.10031127929688,207.0
197,av-V-model-pi,-89.7055892944336,208.0
198,av-V-model-pi,-89.79846954345703,209.0
199,av-V-model-pi,-90.00218963623047,210.0
200,av-V-model-pi,-90.26353454589844,211.0
201,av-V-model-pi,-91.08651733398438,212.0
202,av-V-model-pi,-89.70352935791016,213.0
203,av-V-model-pi,-90.09809112548828,214.0
204,av-V-model-pi,-89.91007995605469,215.0
205,av-V-model-pi,-90.28907012939453,216.0
206,av-V-model-pi,-89.2826919555664,217.0
207,av-V-model-pi,-89.25745391845703,218.0
208,av-V-model-pi,-90.2668228149414,219.0
209,av-V-model-pi,-90.91873168945312,220.0
210,av-V-model-pi,-89.8016586303711,221.0
211,av-V-model-pi,-90.6393814086914,222.0
212,av-V-model-pi,-90.06217193603516,223.0
213,av-V-model-pi,-89.25066375732422,224.0
214,av-V-model-pi,-89.72632598876953,225.0
215,av-V-model-pi,-90.02006530761719,226.0
216,av-V-model-pi,-88.88755798339844,227.0
217,av-V-model-pi,-88.70519256591797,228.0
218,av-V-model-pi,-89.22818756103516,229.0
219,av-V-model-pi,-88.33211517333984,230.0
220,av-V-model-pi,-90.26882934570312,231.0
221,av-V-model-pi,-91.20408630371094,232.0
222,av-V-model-pi,-89.81322479248047,233.0
223,av-V-model-pi,-89.91725158691406,234.0
224,av-V-model-pi,-89.5029296875,235.0
225,av-V-model-pi,-89.68714141845703,236.0
226,av-V-model-pi,-88.76605987548828,237.0
227,av-V-model-pi,-89.66682434082031,238.0
228,av-V-model-pi,-88.49473571777344,239.0
229,av-V-model-pi,-88.72837829589844,240.0
230,av-V-model-pi,-89.65631103515625,241.0
231,av-V-model-pi,-89.14083099365234,242.0
232,av-V-model-pi,-88.25130462646484,243.0
233,av-V-model-pi,-89.09352111816406,244.0
234,av-V-model-pi,-89.40037536621094,245.0
235,av-V-model-pi,-88.92034912109375,246.0
236,av-V-model-pi,-89.30767059326172,247.0
237,av-V-model-pi,-89.25688934326172,248.0
238,av-V-model-pi,-89.64982604980469,249.0
239,av-V-model-pi,-88.87306213378906,250.0
240,av-V-model-pi,-89.65770721435547,251.0
241,av-V-model-pi,-89.18827819824219,252.0
242,av-V-model-pi,-90.58126831054688,253.0
243,av-V-model-pi,-89.88411712646484,254.0
244,av-V-model-pi,-89.2579345703125,255.0
245,av-V-model-pi,-87.74761199951172,256.0
0,av-V-env-pi,-63.396766662597656,11.0
1,av-V-env-pi,-63.396766662597656,12.0
2,av-V-env-pi,-63.396766662597656,13.0
3,av-V-env-pi,-63.396766662597656,14.0
4,av-V-env-pi,-63.396766662597656,15.0
5,av-V-env-pi,-63.396766662597656,16.0
6,av-V-env-pi,-63.396766662597656,17.0
7,av-V-env-pi,-63.396766662597656,18.0
8,av-V-env-pi,-63.396766662597656,19.0
9,av-V-env-pi,-864.0553588867188,20.0
10,av-V-env-pi,-63.396766662597656,21.0
11,av-V-env-pi,-63.396766662597656,22.0
12,av-V-env-pi,-63.396766662597656,23.0
13,av-V-env-pi,-63.396766662597656,24.0
14,av-V-env-pi,-63.396766662597656,25.0
15,av-V-env-pi,-63.396766662597656,26.0
16,av-V-env-pi,-63.396766662597656,27.0
17,av-V-env-pi,-63.396766662597656,28.0
18,av-V-env-pi,-63.396766662597656,29.0
19,av-V-env-pi,-63.396766662597656,30.0
20,av-V-env-pi,-1293.548828125,31.0
21,av-V-env-pi,-63.396766662597656,32.0
22,av-V-env-pi,-63.396766662597656,33.0
23,av-V-env-pi,-63.396766662597656,34.0
24,av-V-env-pi,-63.396766662597656,35.0
25,av-V-env-pi,-63.396766662597656,36.0
26,av-V-env-pi,-63.396766662597656,37.0
27,av-V-env-pi,-63.396766662597656,38.0
28,av-V-env-pi,-63.396766662597656,39.0
29,av-V-env-pi,-63.396766662597656,40.0
30,av-V-env-pi,-63.396766662597656,41.0
31,av-V-env-pi,-63.396766662597656,42.0
32,av-V-env-pi,-63.396766662597656,43.0
33,av-V-env-pi,-63.396766662597656,44.0
34,av-V-env-pi,-63.396766662597656,45.0
35,av-V-env-pi,-63.396766662597656,46.0
36,av-V-env-pi,-63.396766662597656,47.0
37,av-V-env-pi,-63.396766662597656,48.0
38,av-V-env-pi,-63.396766662597656,49.0
39,av-V-env-pi,-63.396766662597656,50.0
40,av-V-env-pi,-63.396766662597656,51.0
41,av-V-env-pi,-63.396766662597656,52.0
42,av-V-env-pi,-63.396766662597656,53.0
43,av-V-env-pi,-63.396766662597656,54.0
44,av-V-env-pi,-63.396766662597656,55.0
45,av-V-env-pi,-63.396766662597656,56.0
46,av-V-env-pi,-63.396766662597656,57.0
47,av-V-env-pi,-923.0055541992188,58.0
48,av-V-env-pi,-63.396766662597656,59.0
49,av-V-env-pi,-63.396766662597656,60.0
50,av-V-env-pi,-63.396766662597656,61.0
51,av-V-env-pi,-63.396766662597656,62.0
52,av-V-env-pi,-63.396766662597656,63.0
53,av-V-env-pi,-63.396766662597656,64.0
54,av-V-env-pi,-63.396766662597656,65.0
55,av-V-env-pi,-63.396766662597656,66.0
56,av-V-env-pi,-63.396766662597656,67.0
57,av-V-env-pi,-63.396766662597656,68.0
58,av-V-env-pi,-492.7862243652344,69.0
59,av-V-env-pi,-63.396766662597656,70.0
60,av-V-env-pi,-63.396766662597656,71.0
61,av-V-env-pi,-63.396766662597656,72.0
62,av-V-env-pi,-63.396766662597656,73.0
63,av-V-env-pi,-63.396766662597656,74.0
64,av-V-env-pi,-63.396766662597656,75.0
65,av-V-env-pi,-63.396766662597656,76.0
66,av-V-env-pi,-63.396766662597656,77.0
67,av-V-env-pi,-802.679931640625,78.0
68,av-V-env-pi,-63.396766662597656,79.0
69,av-V-env-pi,-63.396766662597656,80.0
70,av-V-env-pi,-63.396766662597656,81.0
71,av-V-env-pi,-63.396766662597656,82.0
72,av-V-env-pi,-63.396766662597656,83.0
73,av-V-env-pi,-63.396766662597656,84.0
74,av-V-env-pi,-63.396766662597656,85.0
75,av-V-env-pi,-63.396766662597656,86.0
76,av-V-env-pi,-63.396766662597656,87.0
77,av-V-env-pi,-63.396766662597656,88.0
78,av-V-env-pi,-63.396766662597656,89.0
79,av-V-env-pi,-63.396766662597656,90.0
80,av-V-env-pi,-63.396766662597656,91.0
81,av-V-env-pi,-63.396766662597656,92.0
82,av-V-env-pi,-63.396766662597656,93.0
83,av-V-env-pi,-63.396766662597656,94.0
84,av-V-env-pi,-63.396766662597656,95.0
85,av-V-env-pi,-63.396766662597656,96.0
86,av-V-env-pi,-63.396766662597656,97.0
87,av-V-env-pi,-63.396766662597656,98.0
88,av-V-env-pi,-63.396766662597656,99.0
89,av-V-env-pi,-63.396766662597656,100.0
90,av-V-env-pi,-63.396766662597656,101.0
91,av-V-env-pi,-63.396766662597656,102.0
92,av-V-env-pi,-63.396766662597656,103.0
93,av-V-env-pi,-63.396766662597656,104.0
94,av-V-env-pi,-63.396766662597656,105.0
95,av-V-env-pi,-63.396766662597656,106.0
96,av-V-env-pi,-63.396766662597656,107.0
97,av-V-env-pi,-63.396766662597656,108.0
98,av-V-env-pi,-478.0885009765625,109.0
99,av-V-env-pi,-63.396766662597656,110.0
100,av-V-env-pi,-63.396766662597656,111.0
101,av-V-env-pi,-63.396766662597656,112.0
102,av-V-env-pi,-63.396766662597656,113.0
103,av-V-env-pi,-63.396766662597656,114.0
104,av-V-env-pi,-63.396766662597656,115.0
105,av-V-env-pi,-63.396766662597656,116.0
106,av-V-env-pi,-63.396766662597656,117.0
107,av-V-env-pi,-63.396766662597656,118.0
108,av-V-env-pi,-63.396766662597656,119.0
109,av-V-env-pi,-63.396766662597656,120.0
110,av-V-env-pi,-63.396766662597656,121.0
111,av-V-env-pi,-63.396766662597656,122.0
112,av-V-env-pi,-63.396766662597656,123.0
113,av-V-env-pi,-63.396766662597656,124.0
114,av-V-env-pi,-63.396766662597656,125.0
115,av-V-env-pi,-63.396766662597656,126.0
116,av-V-env-pi,-63.396766662597656,127.0
117,av-V-env-pi,-63.396766662597656,128.0
118,av-V-env-pi,-63.396766662597656,129.0
119,av-V-env-pi,-63.396766662597656,130.0
120,av-V-env-pi,-63.396766662597656,131.0
121,av-V-env-pi,-63.396766662597656,132.0
122,av-V-env-pi,-63.396766662597656,133.0
123,av-V-env-pi,-63.396766662597656,134.0
124,av-V-env-pi,-63.396766662597656,135.0
125,av-V-env-pi,-63.396766662597656,136.0
126,av-V-env-pi,-63.396766662597656,137.0
127,av-V-env-pi,-63.396766662597656,138.0
128,av-V-env-pi,-63.396766662597656,139.0
129,av-V-env-pi,-63.396766662597656,140.0
130,av-V-env-pi,-63.396766662597656,141.0
131,av-V-env-pi,-63.396766662597656,142.0
132,av-V-env-pi,-63.396766662597656,143.0
133,av-V-env-pi,-63.396766662597656,144.0
134,av-V-env-pi,-63.396766662597656,145.0
135,av-V-env-pi,-429.23870849609375,146.0
136,av-V-env-pi,-63.396766662597656,147.0
137,av-V-env-pi,-478.0885009765625,148.0
138,av-V-env-pi,-63.396766662597656,149.0
139,av-V-env-pi,-63.396766662597656,150.0
140,av-V-env-pi,-63.396766662597656,151.0
141,av-V-env-pi,-63.396766662597656,152.0
142,av-V-env-pi,-63.396766662597656,153.0
143,av-V-env-pi,-63.396766662597656,154.0
144,av-V-env-pi,-63.396766662597656,155.0
145,av-V-env-pi,-63.396766662597656,156.0
146,av-V-env-pi,-63.396766662597656,157.0
147,av-V-env-pi,-63.396766662597656,158.0
148,av-V-env-pi,-63.396766662597656,159.0
149,av-V-env-pi,-63.396766662597656,160.0
150,av-V-env-pi,-63.396766662597656,161.0
151,av-V-env-pi,-63.396766662597656,162.0
152,av-V-env-pi,-63.396766662597656,163.0
153,av-V-env-pi,-63.396766662597656,164.0
154,av-V-env-pi,-63.396766662597656,165.0
155,av-V-env-pi,-63.396766662597656,166.0
156,av-V-env-pi,-63.396766662597656,167.0
157,av-V-env-pi,-63.396766662597656,168.0
158,av-V-env-pi,-63.396766662597656,169.0
159,av-V-env-pi,-63.396766662597656,170.0
160,av-V-env-pi,-63.396766662597656,171.0
161,av-V-env-pi,-63.396766662597656,172.0
162,av-V-env-pi,-13.99416446685791,173.0
163,av-V-env-pi,-63.396766662597656,174.0
164,av-V-env-pi,-63.396766662597656,175.0
165,av-V-env-pi,-63.396766662597656,176.0
166,av-V-env-pi,-63.396766662597656,177.0
167,av-V-env-pi,-63.396766662597656,178.0
168,av-V-env-pi,-63.396766662597656,179.0
169,av-V-env-pi,-63.396766662597656,180.0
170,av-V-env-pi,-63.396766662597656,181.0
171,av-V-env-pi,-63.396766662597656,182.0
172,av-V-env-pi,-63.396766662597656,183.0
173,av-V-env-pi,-63.396766662597656,184.0
174,av-V-env-pi,-63.396766662597656,185.0
175,av-V-env-pi,-63.396766662597656,186.0
176,av-V-env-pi,-63.396766662597656,187.0
177,av-V-env-pi,-63.396766662597656,188.0
178,av-V-env-pi,-63.396766662597656,189.0
179,av-V-env-pi,-63.396766662597656,190.0
180,av-V-env-pi,-63.396766662597656,191.0
181,av-V-env-pi,-63.396766662597656,192.0
182,av-V-env-pi,-63.396766662597656,193.0
183,av-V-env-pi,-63.396766662597656,194.0
184,av-V-env-pi,-63.396766662597656,195.0
185,av-V-env-pi,-63.396766662597656,196.0
186,av-V-env-pi,-63.396766662597656,197.0
187,av-V-env-pi,-63.396766662597656,198.0
188,av-V-env-pi,-63.396766662597656,199.0
189,av-V-env-pi,-63.396766662597656,200.0
190,av-V-env-pi,-63.396766662597656,201.0
191,av-V-env-pi,-63.396766662597656,202.0
192,av-V-env-pi,-63.396766662597656,203.0
193,av-V-env-pi,-63.396766662597656,204.0
194,av-V-env-pi,-63.396766662597656,205.0
195,av-V-env-pi,-63.396766662597656,206.0
196,av-V-env-pi,-63.396766662597656,207.0
197,av-V-env-pi,-63.396766662597656,208.0
198,av-V-env-pi,-63.396766662597656,209.0
199,av-V-env-pi,-63.396766662597656,210.0
200,av-V-env-pi,-63.396766662597656,211.0
201,av-V-env-pi,-63.396766662597656,212.0
202,av-V-env-pi,-63.396766662597656,213.0
203,av-V-env-pi,-63.396766662597656,214.0
204,av-V-env-pi,-63.396766662597656,215.0
205,av-V-env-pi,-63.396766662597656,216.0
206,av-V-env-pi,-63.396766662597656,217.0
207,av-V-env-pi,-20.863494873046875,218.0
208,av-V-env-pi,-63.396766662597656,219.0
209,av-V-env-pi,-63.396766662597656,220.0
210,av-V-env-pi,-21.8746395111084,221.0
211,av-V-env-pi,-63.396766662597656,222.0
212,av-V-env-pi,-63.396766662597656,223.0
213,av-V-env-pi,-63.396766662597656,224.0
214,av-V-env-pi,-63.396766662597656,225.0
215,av-V-env-pi,-63.396766662597656,226.0
216,av-V-env-pi,-13.99416446685791,227.0
217,av-V-env-pi,-63.396766662597656,228.0
218,av-V-env-pi,-63.396766662597656,229.0
219,av-V-env-pi,-13.121030807495117,230.0
220,av-V-env-pi,-63.396766662597656,231.0
221,av-V-env-pi,-63.396766662597656,232.0
222,av-V-env-pi,-63.396766662597656,233.0
223,av-V-env-pi,-63.396766662597656,234.0
224,av-V-env-pi,-63.396766662597656,235.0
225,av-V-env-pi,-63.396766662597656,236.0
226,av-V-env-pi,-63.396766662597656,237.0
227,av-V-env-pi,-63.396766662597656,238.0
228,av-V-env-pi,-15.705680847167969,239.0
229,av-V-env-pi,-63.396766662597656,240.0
230,av-V-env-pi,-63.396766662597656,241.0
231,av-V-env-pi,-63.396766662597656,242.0
232,av-V-env-pi,-63.396766662597656,243.0
233,av-V-env-pi,-63.396766662597656,244.0
234,av-V-env-pi,-63.396766662597656,245.0
235,av-V-env-pi,-63.396766662597656,246.0
236,av-V-env-pi,-63.396766662597656,247.0
237,av-V-env-pi,-63.396766662597656,248.0
238,av-V-env-pi,-63.396766662597656,249.0
239,av-V-env-pi,-63.396766662597656,250.0
240,av-V-env-pi,-63.396766662597656,251.0
241,av-V-env-pi,-63.396766662597656,252.0
242,av-V-env-pi,-63.396766662597656,253.0
243,av-V-env-pi,-63.396766662597656,254.0
244,av-V-env-pi,-13.99416446685791,255.0
245,av-V-env-pi,-12.24789810180664,256.0
0,v-alpha-quantile,0.0,11.0
1,v-alpha-quantile,0.0,12.0
2,v-alpha-quantile,0.0,13.0
3,v-alpha-quantile,0.0,14.0
4,v-alpha-quantile,0.0,15.0
5,v-alpha-quantile,0.0,16.0
6,v-alpha-quantile,0.0,17.0
7,v-alpha-quantile,0.0,18.0
8,v-alpha-quantile,0.0,19.0
9,v-alpha-quantile,0.0,20.0
10,v-alpha-quantile,0.0,21.0
11,v-alpha-quantile,0.0,22.0
12,v-alpha-quantile,0.0,23.0
13,v-alpha-quantile,0.0,24.0
14,v-alpha-quantile,0.0,25.0
15,v-alpha-quantile,0.0,26.0
16,v-alpha-quantile,0.0,27.0
17,v-alpha-quantile,0.0,28.0
18,v-alpha-quantile,0.0,29.0
19,v-alpha-quantile,0.0,30.0
20,v-alpha-quantile,0.0,31.0
21,v-alpha-quantile,0.0,32.0
22,v-alpha-quantile,0.0,33.0
23,v-alpha-quantile,0.0,34.0
24,v-alpha-quantile,0.0,35.0
25,v-alpha-quantile,0.0,36.0
26,v-alpha-quantile,0.0,37.0
27,v-alpha-quantile,0.0,38.0
28,v-alpha-quantile,0.0,39.0
29,v-alpha-quantile,0.0,40.0
30,v-alpha-quantile,0.0,41.0
31,v-alpha-quantile,0.0,42.0
32,v-alpha-quantile,0.0,43.0
33,v-alpha-quantile,0.0,44.0
34,v-alpha-quantile,0.0,45.0
35,v-alpha-quantile,0.0,46.0
36,v-alpha-quantile,0.0,47.0
37,v-alpha-quantile,0.0,48.0
38,v-alpha-quantile,0.0,49.0
39,v-alpha-quantile,0.0,50.0
40,v-alpha-quantile,0.0,51.0
41,v-alpha-quantile,0.0,52.0
42,v-alpha-quantile,0.0,53.0
43,v-alpha-quantile,0.0,54.0
44,v-alpha-quantile,0.0,55.0
45,v-alpha-quantile,0.0,56.0
46,v-alpha-quantile,0.0,57.0
47,v-alpha-quantile,0.0,58.0
48,v-alpha-quantile,0.0,59.0
49,v-alpha-quantile,0.0,60.0
50,v-alpha-quantile,0.0,61.0
51,v-alpha-quantile,0.0,62.0
52,v-alpha-quantile,0.0,63.0
53,v-alpha-quantile,0.0,64.0
54,v-alpha-quantile,0.0,65.0
55,v-alpha-quantile,0.0,66.0
56,v-alpha-quantile,0.0,67.0
57,v-alpha-quantile,0.0,68.0
58,v-alpha-quantile,0.0,69.0
59,v-alpha-quantile,0.0,70.0
60,v-alpha-quantile,0.0,71.0
61,v-alpha-quantile,0.0,72.0
62,v-alpha-quantile,0.0,73.0
63,v-alpha-quantile,0.0,74.0
64,v-alpha-quantile,0.0,75.0
65,v-alpha-quantile,0.0,76.0
66,v-alpha-quantile,0.0,77.0
67,v-alpha-quantile,0.0,78.0
68,v-alpha-quantile,0.0,79.0
69,v-alpha-quantile,0.0,80.0
70,v-alpha-quantile,0.0,81.0
71,v-alpha-quantile,0.0,82.0
72,v-alpha-quantile,0.0,83.0
73,v-alpha-quantile,0.0,84.0
74,v-alpha-quantile,0.0,85.0
75,v-alpha-quantile,0.0,86.0
76,v-alpha-quantile,0.0,87.0
77,v-alpha-quantile,0.0,88.0
78,v-alpha-quantile,0.0,89.0
79,v-alpha-quantile,0.0,90.0
80,v-alpha-quantile,0.0,91.0
81,v-alpha-quantile,0.0,92.0
82,v-alpha-quantile,0.0,93.0
83,v-alpha-quantile,0.0,94.0
84,v-alpha-quantile,0.0,95.0
85,v-alpha-quantile,0.0,96.0
86,v-alpha-quantile,0.0,97.0
87,v-alpha-quantile,0.0,98.0
88,v-alpha-quantile,0.0,99.0
89,v-alpha-quantile,0.0,100.0
90,v-alpha-quantile,0.0,101.0
91,v-alpha-quantile,0.0,102.0
92,v-alpha-quantile,0.0,103.0
93,v-alpha-quantile,0.0,104.0
94,v-alpha-quantile,0.0,105.0
95,v-alpha-quantile,0.0,106.0
96,v-alpha-quantile,0.0,107.0
97,v-alpha-quantile,0.0,108.0
98,v-alpha-quantile,0.0,109.0
99,v-alpha-quantile,0.0,110.0
100,v-alpha-quantile,0.0,111.0
101,v-alpha-quantile,0.0,112.0
102,v-alpha-quantile,0.0,113.0
103,v-alpha-quantile,0.0,114.0
104,v-alpha-quantile,0.0,115.0
105,v-alpha-quantile,0.0,116.0
106,v-alpha-quantile,0.0,117.0
107,v-alpha-quantile,0.0,118.0
108,v-alpha-quantile,0.0,119.0
109,v-alpha-quantile,0.0,120.0
110,v-alpha-quantile,0.0,121.0
111,v-alpha-quantile,0.0,122.0
112,v-alpha-quantile,0.0,123.0
113,v-alpha-quantile,0.0,124.0
114,v-alpha-quantile,0.0,125.0
115,v-alpha-quantile,0.0,126.0
116,v-alpha-quantile,0.0,127.0
117,v-alpha-quantile,0.0,128.0
118,v-alpha-quantile,0.0,129.0
119,v-alpha-quantile,0.0,130.0
120,v-alpha-quantile,0.0,131.0
121,v-alpha-quantile,0.0,132.0
122,v-alpha-quantile,0.0,133.0
123,v-alpha-quantile,0.0,134.0
124,v-alpha-quantile,0.0,135.0
125,v-alpha-quantile,0.0,136.0
126,v-alpha-quantile,0.0,137.0
127,v-alpha-quantile,0.0,138.0
128,v-alpha-quantile,0.0,139.0
129,v-alpha-quantile,0.0,140.0
130,v-alpha-quantile,0.0,141.0
131,v-alpha-quantile,0.0,142.0
132,v-alpha-quantile,0.0,143.0
133,v-alpha-quantile,0.0,144.0
134,v-alpha-quantile,0.0,145.0
135,v-alpha-quantile,0.0,146.0
136,v-alpha-quantile,0.0,147.0
137,v-alpha-quantile,0.0,148.0
138,v-alpha-quantile,0.0,149.0
139,v-alpha-quantile,0.0,150.0
140,v-alpha-quantile,0.0,151.0
141,v-alpha-quantile,0.0,152.0
142,v-alpha-quantile,0.0,153.0
143,v-alpha-quantile,0.0,154.0
144,v-alpha-quantile,0.0,155.0
145,v-alpha-quantile,0.0,156.0
146,v-alpha-quantile,0.0,157.0
147,v-alpha-quantile,0.0,158.0
148,v-alpha-quantile,0.0,159.0
149,v-alpha-quantile,0.0,160.0
150,v-alpha-quantile,0.0,161.0
151,v-alpha-quantile,0.0,162.0
152,v-alpha-quantile,0.0,163.0
153,v-alpha-quantile,0.0,164.0
154,v-alpha-quantile,0.0,165.0
155,v-alpha-quantile,0.0,166.0
156,v-alpha-quantile,0.0,167.0
157,v-alpha-quantile,0.0,168.0
158,v-alpha-quantile,0.0,169.0
159,v-alpha-quantile,0.0,170.0
160,v-alpha-quantile,0.0,171.0
161,v-alpha-quantile,0.0,172.0
162,v-alpha-quantile,0.0,173.0
163,v-alpha-quantile,0.0,174.0
164,v-alpha-quantile,0.0,175.0
165,v-alpha-quantile,0.0,176.0
166,v-alpha-quantile,0.0,177.0
167,v-alpha-quantile,0.0,178.0
168,v-alpha-quantile,0.0,179.0
169,v-alpha-quantile,0.0,180.0
170,v-alpha-quantile,0.0,181.0
171,v-alpha-quantile,0.0,182.0
172,v-alpha-quantile,0.0,183.0
173,v-alpha-quantile,0.0,184.0
174,v-alpha-quantile,0.0,185.0
175,v-alpha-quantile,0.0,186.0
176,v-alpha-quantile,0.0,187.0
177,v-alpha-quantile,0.0,188.0
178,v-alpha-quantile,0.0,189.0
179,v-alpha-quantile,0.0,190.0
180,v-alpha-quantile,0.0,191.0
181,v-alpha-quantile,0.0,192.0
182,v-alpha-quantile,0.0,193.0
183,v-alpha-quantile,0.0,194.0
184,v-alpha-quantile,0.0,195.0
185,v-alpha-quantile,0.0,196.0
186,v-alpha-quantile,0.0,197.0
187,v-alpha-quantile,0.0,198.0
188,v-alpha-quantile,0.0,199.0
189,v-alpha-quantile,0.0,200.0
190,v-alpha-quantile,0.0,201.0
191,v-alpha-quantile,0.0,202.0
192,v-alpha-quantile,0.0,203.0
193,v-alpha-quantile,0.0,204.0
194,v-alpha-quantile,0.0,205.0
195,v-alpha-quantile,0.0,206.0
196,v-alpha-quantile,0.0,207.0
197,v-alpha-quantile,0.0,208.0
198,v-alpha-quantile,0.0,209.0
199,v-alpha-quantile,0.0,210.0
200,v-alpha-quantile,0.0,211.0
201,v-alpha-quantile,0.0,212.0
202,v-alpha-quantile,0.0,213.0
203,v-alpha-quantile,0.0,214.0
204,v-alpha-quantile,0.0,215.0
205,v-alpha-quantile,0.0,216.0
206,v-alpha-quantile,0.0,217.0
207,v-alpha-quantile,0.0,218.0
208,v-alpha-quantile,0.0,219.0
209,v-alpha-quantile,0.0,220.0
210,v-alpha-quantile,0.0,221.0
211,v-alpha-quantile,0.0,222.0
212,v-alpha-quantile,0.0,223.0
213,v-alpha-quantile,0.0,224.0
214,v-alpha-quantile,0.0,225.0
215,v-alpha-quantile,0.0,226.0
216,v-alpha-quantile,0.0,227.0
217,v-alpha-quantile,0.0,228.0
218,v-alpha-quantile,0.0,229.0
219,v-alpha-quantile,0.0,230.0
220,v-alpha-quantile,0.0,231.0
221,v-alpha-quantile,0.0,232.0
222,v-alpha-quantile,0.0,233.0
223,v-alpha-quantile,0.0,234.0
224,v-alpha-quantile,0.0,235.0
225,v-alpha-quantile,0.0,236.0
226,v-alpha-quantile,0.0,237.0
227,v-alpha-quantile,0.0,238.0
228,v-alpha-quantile,0.0,239.0
229,v-alpha-quantile,0.0,240.0
230,v-alpha-quantile,0.0,241.0
231,v-alpha-quantile,0.0,242.0
232,v-alpha-quantile,0.0,243.0
233,v-alpha-quantile,0.0,244.0
234,v-alpha-quantile,0.0,245.0
235,v-alpha-quantile,0.0,246.0
236,v-alpha-quantile,0.0,247.0
237,v-alpha-quantile,0.0,248.0
238,v-alpha-quantile,0.0,249.0
239,v-alpha-quantile,0.0,250.0
240,v-alpha-quantile,0.0,251.0
241,v-alpha-quantile,0.0,252.0
242,v-alpha-quantile,0.0,253.0
243,v-alpha-quantile,0.0,254.0
244,v-alpha-quantile,0.0,255.0
245,v-alpha-quantile,0.0,256.0
0,cvar-alpha,-26.9352970123291,11.0
1,cvar-alpha,-30.200326919555664,12.0
2,cvar-alpha,-32.88628005981445,13.0
3,cvar-alpha,-29.826669692993164,14.0
4,cvar-alpha,-32.94982147216797,15.0
5,cvar-alpha,-37.22208023071289,16.0
6,cvar-alpha,-31.71898651123047,17.0
7,cvar-alpha,-37.802276611328125,18.0
8,cvar-alpha,-34.56083297729492,19.0
9,cvar-alpha,-41.14457702636719,20.0
10,cvar-alpha,-36.60179901123047,21.0
11,cvar-alpha,-42.02549362182617,22.0
12,cvar-alpha,-39.54849624633789,23.0
13,cvar-alpha,-39.76564025878906,24.0
14,cvar-alpha,-43.036293029785156,25.0
15,cvar-alpha,-42.30074691772461,26.0
16,cvar-alpha,-43.454612731933594,27.0
17,cvar-alpha,-45.12864303588867,28.0
18,cvar-alpha,-45.51302719116211,29.0
19,cvar-alpha,-46.39365768432617,30.0
20,cvar-alpha,-47.2241325378418,31.0
21,cvar-alpha,-48.04811096191406,32.0
22,cvar-alpha,-45.90190505981445,33.0
23,cvar-alpha,-45.342063903808594,34.0
24,cvar-alpha,-50.657012939453125,35.0
25,cvar-alpha,-49.65802764892578,36.0
26,cvar-alpha,-50.630455017089844,37.0
27,cvar-alpha,-52.9492073059082,38.0
28,cvar-alpha,-51.51461410522461,39.0
29,cvar-alpha,-53.709346771240234,40.0
30,cvar-alpha,-54.47047424316406,41.0
31,cvar-alpha,-55.74125671386719,42.0
32,cvar-alpha,-58.43898391723633,43.0
33,cvar-alpha,-57.15214920043945,44.0
34,cvar-alpha,-57.73542404174805,45.0
35,cvar-alpha,-57.699066162109375,46.0
36,cvar-alpha,-59.1104621887207,47.0
37,cvar-alpha,-60.14619064331055,48.0
38,cvar-alpha,-58.56892013549805,49.0
39,cvar-alpha,-59.015804290771484,50.0
40,cvar-alpha,-59.71263122558594,51.0
41,cvar-alpha,-60.1362419128418,52.0
42,cvar-alpha,-63.88760757446289,53.0
43,cvar-alpha,-60.46491622924805,54.0
44,cvar-alpha,-64.54846954345703,55.0
45,cvar-alpha,-62.544769287109375,56.0
46,cvar-alpha,-66.6884994506836,57.0
47,cvar-alpha,-62.820308685302734,58.0
48,cvar-alpha,-65.90392303466797,59.0
49,cvar-alpha,-64.71646118164062,60.0
50,cvar-alpha,-66.65140533447266,61.0
51,cvar-alpha,-66.6974868774414,62.0
52,cvar-alpha,-66.34215545654297,63.0
53,cvar-alpha,-68.87610626220703,64.0
54,cvar-alpha,-67.3331069946289,65.0
55,cvar-alpha,-69.1019058227539,66.0
56,cvar-alpha,-70.1325912475586,67.0
57,cvar-alpha,-70.69595336914062,68.0
58,cvar-alpha,-71.42471313476562,69.0
59,cvar-alpha,-72.21485900878906,70.0
60,cvar-alpha,-71.42684936523438,71.0
61,cvar-alpha,-71.2829818725586,72.0
62,cvar-alpha,-72.72364044189453,73.0
63,cvar-alpha,-72.16466522216797,74.0
64,cvar-alpha,-70.95429992675781,75.0
65,cvar-alpha,-72.84071350097656,76.0
66,cvar-alpha,-72.74937438964844,77.0
67,cvar-alpha,-74.52131652832031,78.0
68,cvar-alpha,-76.67656707763672,79.0
69,cvar-alpha,-76.9187240600586,80.0
70,cvar-alpha,-76.26741027832031,81.0
71,cvar-alpha,-77.19900512695312,82.0
72,cvar-alpha,-75.68478393554688,83.0
73,cvar-alpha,-74.25553894042969,84.0
74,cvar-alpha,-77.94219970703125,85.0
75,cvar-alpha,-77.36527252197266,86.0
76,cvar-alpha,-76.72982788085938,87.0
77,cvar-alpha,-77.09122467041016,88.0
78,cvar-alpha,-78.73756408691406,89.0
79,cvar-alpha,-77.03882598876953,90.0
80,cvar-alpha,-80.19788360595703,91.0
81,cvar-alpha,-81.01356506347656,92.0
82,cvar-alpha,-80.48890686035156,93.0
83,cvar-alpha,-80.1492691040039,94.0
84,cvar-alpha,-79.50894927978516,95.0
85,cvar-alpha,-79.0593032836914,96.0
86,cvar-alpha,-82.03353881835938,97.0
87,cvar-alpha,-82.00931549072266,98.0
88,cvar-alpha,-81.32758331298828,99.0
89,cvar-alpha,-83.35013580322266,100.0
90,cvar-alpha,-83.6533203125,101.0
91,cvar-alpha,-82.08521270751953,102.0
92,cvar-alpha,-81.14419555664062,103.0
93,cvar-alpha,-83.05804443359375,104.0
94,cvar-alpha,-81.8921890258789,105.0
95,cvar-alpha,-83.64640808105469,106.0
96,cvar-alpha,-83.19515991210938,107.0
97,cvar-alpha,-85.10600280761719,108.0
98,cvar-alpha,-83.1454086303711,109.0
99,cvar-alpha,-82.53807830810547,110.0
100,cvar-alpha,-81.89522552490234,111.0
101,cvar-alpha,-82.60726928710938,112.0
102,cvar-alpha,-85.35160064697266,113.0
103,cvar-alpha,-83.72642517089844,114.0
104,cvar-alpha,-82.03278350830078,115.0
105,cvar-alpha,-85.30696105957031,116.0
106,cvar-alpha,-86.36967468261719,117.0
107,cvar-alpha,-85.3165512084961,118.0
108,cvar-alpha,-85.03987121582031,119.0
109,cvar-alpha,-83.95036315917969,120.0
110,cvar-alpha,-86.05555725097656,121.0
111,cvar-alpha,-85.03726196289062,122.0
112,cvar-alpha,-85.45155334472656,123.0
113,cvar-alpha,-86.17329406738281,124.0
114,cvar-alpha,-86.83454132080078,125.0
115,cvar-alpha,-87.25655364990234,126.0
116,cvar-alpha,-85.7183609008789,127.0
117,cvar-alpha,-86.7202377319336,128.0
118,cvar-alpha,-87.92292022705078,129.0
119,cvar-alpha,-86.65440368652344,130.0
120,cvar-alpha,-87.13053894042969,131.0
121,cvar-alpha,-86.22509765625,132.0
122,cvar-alpha,-87.55887603759766,133.0
123,cvar-alpha,-88.62260437011719,134.0
124,cvar-alpha,-86.12249755859375,135.0
125,cvar-alpha,-86.96891784667969,136.0
126,cvar-alpha,-86.80438232421875,137.0
127,cvar-alpha,-88.36083221435547,138.0
128,cvar-alpha,-87.98114013671875,139.0
129,cvar-alpha,-88.2387924194336,140.0
130,cvar-alpha,-87.3380355834961,141.0
131,cvar-alpha,-88.25511932373047,142.0
132,cvar-alpha,-87.79278564453125,143.0
133,cvar-alpha,-87.16082763671875,144.0
134,cvar-alpha,-88.65538787841797,145.0
135,cvar-alpha,-88.22946166992188,146.0
136,cvar-alpha,-89.28707885742188,147.0
137,cvar-alpha,-89.24417114257812,148.0
138,cvar-alpha,-89.91950225830078,149.0
139,cvar-alpha,-91.33540344238281,150.0
140,cvar-alpha,-91.68827056884766,151.0
141,cvar-alpha,-89.22543334960938,152.0
142,cvar-alpha,-90.11129760742188,153.0
143,cvar-alpha,-90.41560363769531,154.0
144,cvar-alpha,-89.97115325927734,155.0
145,cvar-alpha,-90.8755874633789,156.0
146,cvar-alpha,-91.24766540527344,157.0
147,cvar-alpha,-90.20077514648438,158.0
148,cvar-alpha,-90.04381561279297,159.0
149,cvar-alpha,-90.89117431640625,160.0
150,cvar-alpha,-91.62350463867188,161.0
151,cvar-alpha,-90.33355712890625,162.0
152,cvar-alpha,-90.04241943359375,163.0
153,cvar-alpha,-90.47269439697266,164.0
154,cvar-alpha,-90.96969604492188,165.0
155,cvar-alpha,-91.44390869140625,166.0
156,cvar-alpha,-90.22772216796875,167.0
157,cvar-alpha,-91.15708923339844,168.0
158,cvar-alpha,-92.57891845703125,169.0
159,cvar-alpha,-92.14457702636719,170.0
160,cvar-alpha,-91.82105255126953,171.0
161,cvar-alpha,-90.4026870727539,172.0
162,cvar-alpha,-90.44495391845703,173.0
163,cvar-alpha,-91.37067413330078,174.0
164,cvar-alpha,-92.52256774902344,175.0
165,cvar-alpha,-92.35630798339844,176.0
166,cvar-alpha,-92.37200927734375,177.0
167,cvar-alpha,-91.7762222290039,178.0
168,cvar-alpha,-90.71772766113281,179.0
169,cvar-alpha,-90.7794418334961,180.0
170,cvar-alpha,-92.05026245117188,181.0
171,cvar-alpha,-93.30908203125,182.0
172,cvar-alpha,-94.19029235839844,183.0
173,cvar-alpha,-94.40032958984375,184.0
174,cvar-alpha,-92.69698333740234,185.0
175,cvar-alpha,-93.53760528564453,186.0
176,cvar-alpha,-92.8115463256836,187.0
177,cvar-alpha,-93.47408294677734,188.0
178,cvar-alpha,-91.97538757324219,189.0
179,cvar-alpha,-94.94985961914062,190.0
180,cvar-alpha,-92.82357788085938,191.0
181,cvar-alpha,-94.18426513671875,192.0
182,cvar-alpha,-95.0984115600586,193.0
183,cvar-alpha,-94.37374114990234,194.0
184,cvar-alpha,-94.07195281982422,195.0
185,cvar-alpha,-93.69945526123047,196.0
186,cvar-alpha,-95.32778930664062,197.0
187,cvar-alpha,-95.28527069091797,198.0
188,cvar-alpha,-94.49515533447266,199.0
189,cvar-alpha,-94.85466766357422,200.0
190,cvar-alpha,-94.95243835449219,201.0
191,cvar-alpha,-94.82251739501953,202.0
192,cvar-alpha,-95.08848571777344,203.0
193,cvar-alpha,-95.68628692626953,204.0
194,cvar-alpha,-94.38036346435547,205.0
195,cvar-alpha,-95.64366149902344,206.0
196,cvar-alpha,-94.60308837890625,207.0
197,cvar-alpha,-95.04949951171875,208.0
198,cvar-alpha,-95.8647689819336,209.0
199,cvar-alpha,-95.58649444580078,210.0
200,cvar-alpha,-96.12350463867188,211.0
201,cvar-alpha,-97.22186279296875,212.0
202,cvar-alpha,-95.1562728881836,213.0
203,cvar-alpha,-95.56563568115234,214.0
204,cvar-alpha,-96.2861557006836,215.0
205,cvar-alpha,-96.36639404296875,216.0
206,cvar-alpha,-95.17193603515625,217.0
207,cvar-alpha,-95.09333038330078,218.0
208,cvar-alpha,-95.52294921875,219.0
209,cvar-alpha,-96.40914916992188,220.0
210,cvar-alpha,-94.9391098022461,221.0
211,cvar-alpha,-95.6875,222.0
212,cvar-alpha,-95.88395690917969,223.0
213,cvar-alpha,-95.05594635009766,224.0
214,cvar-alpha,-94.667236328125,225.0
215,cvar-alpha,-95.416259765625,226.0
216,cvar-alpha,-94.73844909667969,227.0
217,cvar-alpha,-94.74724578857422,228.0
218,cvar-alpha,-95.50160217285156,229.0
219,cvar-alpha,-93.98725891113281,230.0
220,cvar-alpha,-96.1823959350586,231.0
221,cvar-alpha,-96.8260726928711,232.0
222,cvar-alpha,-95.40081787109375,233.0
223,cvar-alpha,-95.15816497802734,234.0
224,cvar-alpha,-95.25498962402344,235.0
225,cvar-alpha,-94.98641967773438,236.0
226,cvar-alpha,-94.61136627197266,237.0
227,cvar-alpha,-95.18998718261719,238.0
228,cvar-alpha,-93.85070037841797,239.0
229,cvar-alpha,-94.1357192993164,240.0
230,cvar-alpha,-94.93998718261719,241.0
231,cvar-alpha,-95.08409118652344,242.0
232,cvar-alpha,-93.69551849365234,243.0
233,cvar-alpha,-95.16156005859375,244.0
234,cvar-alpha,-94.65910339355469,245.0
235,cvar-alpha,-94.57058715820312,246.0
236,cvar-alpha,-95.11544799804688,247.0
237,cvar-alpha,-94.4344253540039,248.0
238,cvar-alpha,-94.99972534179688,249.0
239,cvar-alpha,-94.46560668945312,250.0
240,cvar-alpha,-94.86749267578125,251.0
241,cvar-alpha,-94.87635803222656,252.0
242,cvar-alpha,-95.83918762207031,253.0
243,cvar-alpha,-95.16863250732422,254.0
244,cvar-alpha,-94.09771728515625,255.0
245,cvar-alpha,-92.71292877197266,256.0
0,cvar-constraint-lambda,0.5,11.0
1,cvar-constraint-lambda,0.5,12.0
2,cvar-constraint-lambda,0.5,13.0
3,cvar-constraint-lambda,0.5,14.0
4,cvar-constraint-lambda,0.5,15.0
5,cvar-constraint-lambda,0.5,16.0
6,cvar-constraint-lambda,0.5,17.0
7,cvar-constraint-lambda,0.5,18.0
8,cvar-constraint-lambda,0.5,19.0
9,cvar-constraint-lambda,0.5,20.0
10,cvar-constraint-lambda,0.5,21.0
11,cvar-constraint-lambda,0.5,22.0
12,cvar-constraint-lambda,0.5,23.0
13,cvar-constraint-lambda,0.5,24.0
14,cvar-constraint-lambda,0.5,25.0
15,cvar-constraint-lambda,0.5,26.0
16,cvar-constraint-lambda,0.5,27.0
17,cvar-constraint-lambda,0.5,28.0
18,cvar-constraint-lambda,0.5,29.0
19,cvar-constraint-lambda,0.5,30.0
20,cvar-constraint-lambda,0.5,31.0
21,cvar-constraint-lambda,0.5,32.0
22,cvar-constraint-lambda,0.5,33.0
23,cvar-constraint-lambda,0.5,34.0
24,cvar-constraint-lambda,0.5,35.0
25,cvar-constraint-lambda,0.5,36.0
26,cvar-constraint-lambda,0.5,37.0
27,cvar-constraint-lambda,0.5,38.0
28,cvar-constraint-lambda,0.5,39.0
29,cvar-constraint-lambda,0.5,40.0
30,cvar-constraint-lambda,0.5,41.0
31,cvar-constraint-lambda,0.5,42.0
32,cvar-constraint-lambda,0.5,43.0
33,cvar-constraint-lambda,0.5,44.0
34,cvar-constraint-lambda,0.5,45.0
35,cvar-constraint-lambda,0.5,46.0
36,cvar-constraint-lambda,0.5,47.0
37,cvar-constraint-lambda,0.5,48.0
38,cvar-constraint-lambda,0.5,49.0
39,cvar-constraint-lambda,0.5,50.0
40,cvar-constraint-lambda,0.5,51.0
41,cvar-constraint-lambda,0.5,52.0
42,cvar-constraint-lambda,0.5,53.0
43,cvar-constraint-lambda,0.5,54.0
44,cvar-constraint-lambda,0.5,55.0
45,cvar-constraint-lambda,0.5,56.0
46,cvar-constraint-lambda,0.5,57.0
47,cvar-constraint-lambda,0.5,58.0
48,cvar-constraint-lambda,0.5,59.0
49,cvar-constraint-lambda,0.5,60.0
50,cvar-constraint-lambda,0.5,61.0
51,cvar-constraint-lambda,0.5,62.0
52,cvar-constraint-lambda,0.5,63.0
53,cvar-constraint-lambda,0.5,64.0
54,cvar-constraint-lambda,0.5,65.0
55,cvar-constraint-lambda,0.5,66.0
56,cvar-constraint-lambda,0.5,67.0
57,cvar-constraint-lambda,0.5,68.0
58,cvar-constraint-lambda,0.5,69.0
59,cvar-constraint-lambda,0.5,70.0
60,cvar-constraint-lambda,0.5,71.0
61,cvar-constraint-lambda,0.5,72.0
62,cvar-constraint-lambda,0.5,73.0
63,cvar-constraint-lambda,0.5,74.0
64,cvar-constraint-lambda,0.5,75.0
65,cvar-constraint-lambda,0.5,76.0
66,cvar-constraint-lambda,0.5,77.0
67,cvar-constraint-lambda,0.5,78.0
68,cvar-constraint-lambda,0.5,79.0
69,cvar-constraint-lambda,0.5,80.0
70,cvar-constraint-lambda,0.5,81.0
71,cvar-constraint-lambda,0.5,82.0
72,cvar-constraint-lambda,0.5,83.0
73,cvar-constraint-lambda,0.5,84.0
74,cvar-constraint-lambda,0.5,85.0
75,cvar-constraint-lambda,0.5,86.0
76,cvar-constraint-lambda,0.5,87.0
77,cvar-constraint-lambda,0.5,88.0
78,cvar-constraint-lambda,0.5,89.0
79,cvar-constraint-lambda,0.5,90.0
80,cvar-constraint-lambda,0.5,91.0
81,cvar-constraint-lambda,0.5,92.0
82,cvar-constraint-lambda,0.5,93.0
83,cvar-constraint-lambda,0.5,94.0
84,cvar-constraint-lambda,0.5,95.0
85,cvar-constraint-lambda,0.5,96.0
86,cvar-constraint-lambda,0.5,97.0
87,cvar-constraint-lambda,0.5,98.0
88,cvar-constraint-lambda,0.5,99.0
89,cvar-constraint-lambda,0.5,100.0
90,cvar-constraint-lambda,0.5,101.0
91,cvar-constraint-lambda,0.5,102.0
92,cvar-constraint-lambda,0.5,103.0
93,cvar-constraint-lambda,0.5,104.0
94,cvar-constraint-lambda,0.5,105.0
95,cvar-constraint-lambda,0.5,106.0
96,cvar-constraint-lambda,0.5,107.0
97,cvar-constraint-lambda,0.5,108.0
98,cvar-constraint-lambda,0.5,109.0
99,cvar-constraint-lambda,0.5,110.0
100,cvar-constraint-lambda,0.5,111.0
101,cvar-constraint-lambda,0.5,112.0
102,cvar-constraint-lambda,0.5,113.0
103,cvar-constraint-lambda,0.5,114.0
104,cvar-constraint-lambda,0.5,115.0
105,cvar-constraint-lambda,0.5,116.0
106,cvar-constraint-lambda,0.5,117.0
107,cvar-constraint-lambda,0.5,118.0
108,cvar-constraint-lambda,0.5,119.0
109,cvar-constraint-lambda,0.5,120.0
110,cvar-constraint-lambda,0.5,121.0
111,cvar-constraint-lambda,0.5,122.0
112,cvar-constraint-lambda,0.5,123.0
113,cvar-constraint-lambda,0.5,124.0
114,cvar-constraint-lambda,0.5,125.0
115,cvar-constraint-lambda,0.5,126.0
116,cvar-constraint-lambda,0.5,127.0
117,cvar-constraint-lambda,0.5,128.0
118,cvar-constraint-lambda,0.5,129.0
119,cvar-constraint-lambda,0.5,130.0
120,cvar-constraint-lambda,0.5,131.0
121,cvar-constraint-lambda,0.5,132.0
122,cvar-constraint-lambda,0.5,133.0
123,cvar-constraint-lambda,0.5,134.0
124,cvar-constraint-lambda,0.5,135.0
125,cvar-constraint-lambda,0.5,136.0
126,cvar-constraint-lambda,0.5,137.0
127,cvar-constraint-lambda,0.5,138.0
128,cvar-constraint-lambda,0.5,139.0
129,cvar-constraint-lambda,0.5,140.0
130,cvar-constraint-lambda,0.5,141.0
131,cvar-constraint-lambda,0.5,142.0
132,cvar-constraint-lambda,0.5,143.0
133,cvar-constraint-lambda,0.5,144.0
134,cvar-constraint-lambda,0.5,145.0
135,cvar-constraint-lambda,0.5,146.0
136,cvar-constraint-lambda,0.5,147.0
137,cvar-constraint-lambda,0.5,148.0
138,cvar-constraint-lambda,0.5,149.0
139,cvar-constraint-lambda,0.5,150.0
140,cvar-constraint-lambda,0.5,151.0
141,cvar-constraint-lambda,0.5,152.0
142,cvar-constraint-lambda,0.5,153.0
143,cvar-constraint-lambda,0.5,154.0
144,cvar-constraint-lambda,0.5,155.0
145,cvar-constraint-lambda,0.5,156.0
146,cvar-constraint-lambda,0.5,157.0
147,cvar-constraint-lambda,0.5,158.0
148,cvar-constraint-lambda,0.5,159.0
149,cvar-constraint-lambda,0.5,160.0
150,cvar-constraint-lambda,0.5,161.0
151,cvar-constraint-lambda,0.5,162.0
152,cvar-constraint-lambda,0.5,163.0
153,cvar-constraint-lambda,0.5,164.0
154,cvar-constraint-lambda,0.5,165.0
155,cvar-constraint-lambda,0.5,166.0
156,cvar-constraint-lambda,0.5,167.0
157,cvar-constraint-lambda,0.5,168.0
158,cvar-constraint-lambda,0.5,169.0
159,cvar-constraint-lambda,0.5,170.0
160,cvar-constraint-lambda,0.5,171.0
161,cvar-constraint-lambda,0.5,172.0
162,cvar-constraint-lambda,0.5,173.0
163,cvar-constraint-lambda,0.5,174.0
164,cvar-constraint-lambda,0.5,175.0
165,cvar-constraint-lambda,0.5,176.0
166,cvar-constraint-lambda,0.5,177.0
167,cvar-constraint-lambda,0.5,178.0
168,cvar-constraint-lambda,0.5,179.0
169,cvar-constraint-lambda,0.5,180.0
170,cvar-constraint-lambda,0.5,181.0
171,cvar-constraint-lambda,0.5,182.0
172,cvar-constraint-lambda,0.5,183.0
173,cvar-constraint-lambda,0.5,184.0
174,cvar-constraint-lambda,0.5,185.0
175,cvar-constraint-lambda,0.5,186.0
176,cvar-constraint-lambda,0.5,187.0
177,cvar-constraint-lambda,0.5,188.0
178,cvar-constraint-lambda,0.5,189.0
179,cvar-constraint-lambda,0.5,190.0
180,cvar-constraint-lambda,0.5,191.0
181,cvar-constraint-lambda,0.5,192.0
182,cvar-constraint-lambda,0.5,193.0
183,cvar-constraint-lambda,0.5,194.0
184,cvar-constraint-lambda,0.5,195.0
185,cvar-constraint-lambda,0.5,196.0
186,cvar-constraint-lambda,0.5,197.0
187,cvar-constraint-lambda,0.5,198.0
188,cvar-constraint-lambda,0.5,199.0
189,cvar-constraint-lambda,0.5,200.0
190,cvar-constraint-lambda,0.5,201.0
191,cvar-constraint-lambda,0.5,202.0
192,cvar-constraint-lambda,0.5,203.0
193,cvar-constraint-lambda,0.5,204.0
194,cvar-constraint-lambda,0.5,205.0
195,cvar-constraint-lambda,0.5,206.0
196,cvar-constraint-lambda,0.5,207.0
197,cvar-constraint-lambda,0.5,208.0
198,cvar-constraint-lambda,0.5,209.0
199,cvar-constraint-lambda,0.5,210.0
200,cvar-constraint-lambda,0.5,211.0
201,cvar-constraint-lambda,0.5,212.0
202,cvar-constraint-lambda,0.5,213.0
203,cvar-constraint-lambda,0.5,214.0
204,cvar-constraint-lambda,0.5,215.0
205,cvar-constraint-lambda,0.5,216.0
206,cvar-constraint-lambda,0.5,217.0
207,cvar-constraint-lambda,0.5,218.0
208,cvar-constraint-lambda,0.5,219.0
209,cvar-constraint-lambda,0.5,220.0
210,cvar-constraint-lambda,0.5,221.0
211,cvar-constraint-lambda,0.5,222.0
212,cvar-constraint-lambda,0.5,223.0
213,cvar-constraint-lambda,0.5,224.0
214,cvar-constraint-lambda,0.5,225.0
215,cvar-constraint-lambda,0.5,226.0
216,cvar-constraint-lambda,0.5,227.0
217,cvar-constraint-lambda,0.5,228.0
218,cvar-constraint-lambda,0.5,229.0
219,cvar-constraint-lambda,0.5,230.0
220,cvar-constraint-lambda,0.5,231.0
221,cvar-constraint-lambda,0.5,232.0
222,cvar-constraint-lambda,0.5,233.0
223,cvar-constraint-lambda,0.5,234.0
224,cvar-constraint-lambda,0.5,235.0
225,cvar-constraint-lambda,0.5,236.0
226,cvar-constraint-lambda,0.5,237.0
227,cvar-constraint-lambda,0.5,238.0
228,cvar-constraint-lambda,0.5,239.0
229,cvar-constraint-lambda,0.5,240.0
230,cvar-constraint-lambda,0.5,241.0
231,cvar-constraint-lambda,0.5,242.0
232,cvar-constraint-lambda,0.5,243.0
233,cvar-constraint-lambda,0.5,244.0
234,cvar-constraint-lambda,0.5,245.0
235,cvar-constraint-lambda,0.5,246.0
236,cvar-constraint-lambda,0.5,247.0
237,cvar-constraint-lambda,0.5,248.0
238,cvar-constraint-lambda,0.5,249.0
239,cvar-constraint-lambda,0.5,250.0
240,cvar-constraint-lambda,0.5,251.0
241,cvar-constraint-lambda,0.5,252.0
242,cvar-constraint-lambda,0.5,253.0
243,cvar-constraint-lambda,0.5,254.0
244,cvar-constraint-lambda,0.5,255.0
245,cvar-constraint-lambda,0.5,256.0
0,grad-norm,371.9013977050781,11.0
1,grad-norm,381.29376220703125,12.0
2,grad-norm,439.8262939453125,13.0
3,grad-norm,413.5734558105469,14.0
4,grad-norm,425.2037048339844,15.0
5,grad-norm,504.500244140625,16.0
6,grad-norm,360.25323486328125,17.0
7,grad-norm,379.54052734375,18.0
8,grad-norm,365.61163330078125,19.0
9,grad-norm,436.3661804199219,20.0
10,grad-norm,439.96319580078125,21.0
11,grad-norm,390.2356872558594,22.0
12,grad-norm,394.739990234375,23.0
13,grad-norm,573.3228149414062,24.0
14,grad-norm,394.6708679199219,25.0
15,grad-norm,401.7952575683594,26.0
16,grad-norm,548.5875854492188,27.0
17,grad-norm,669.4066162109375,28.0
18,grad-norm,468.6163024902344,29.0
19,grad-norm,521.3084106445312,30.0
20,grad-norm,664.7013549804688,31.0
21,grad-norm,391.4673767089844,32.0
22,grad-norm,430.7493591308594,33.0
23,grad-norm,552.5625,34.0
24,grad-norm,449.2001647949219,35.0
25,grad-norm,503.3980407714844,36.0
26,grad-norm,423.6886291503906,37.0
27,grad-norm,417.3453369140625,38.0
28,grad-norm,550.1149291992188,39.0
29,grad-norm,680.4555053710938,40.0
30,grad-norm,760.9546508789062,41.0
31,grad-norm,658.27587890625,42.0
32,grad-norm,615.8260498046875,43.0
33,grad-norm,735.1061401367188,44.0
34,grad-norm,903.207763671875,45.0
35,grad-norm,532.7039184570312,46.0
36,grad-norm,1012.2750244140625,47.0
37,grad-norm,560.0712280273438,48.0
38,grad-norm,513.8529052734375,49.0
39,grad-norm,676.5575561523438,50.0
40,grad-norm,684.1795043945312,51.0
41,grad-norm,663.5133666992188,52.0
42,grad-norm,449.1604309082031,53.0
43,grad-norm,375.74017333984375,54.0
44,grad-norm,523.1187133789062,55.0
45,grad-norm,784.1456909179688,56.0
46,grad-norm,655.5104370117188,57.0
47,grad-norm,797.2771606445312,58.0
48,grad-norm,577.692626953125,59.0
49,grad-norm,469.230224609375,60.0
50,grad-norm,404.7725524902344,61.0
51,grad-norm,387.4136047363281,62.0
52,grad-norm,393.5483703613281,63.0
53,grad-norm,446.8275451660156,64.0
54,grad-norm,405.1624450683594,65.0
55,grad-norm,504.3098449707031,66.0
56,grad-norm,1046.3194580078125,67.0
57,grad-norm,859.9359741210938,68.0
58,grad-norm,502.8233642578125,69.0
59,grad-norm,619.4384765625,70.0
60,grad-norm,462.76019287109375,71.0
61,grad-norm,537.3295288085938,72.0
62,grad-norm,625.6566772460938,73.0
63,grad-norm,818.4619750976562,74.0
64,grad-norm,615.9644165039062,75.0
65,grad-norm,644.0614013671875,76.0
66,grad-norm,698.1363525390625,77.0
67,grad-norm,1084.4556884765625,78.0
68,grad-norm,1000.3988647460938,79.0
69,grad-norm,1054.3480224609375,80.0
70,grad-norm,867.0725708007812,81.0
71,grad-norm,482.31121826171875,82.0
72,grad-norm,402.67462158203125,83.0
73,grad-norm,631.9089965820312,84.0
74,grad-norm,433.8310852050781,85.0
75,grad-norm,845.11767578125,86.0
76,grad-norm,891.7301635742188,87.0
77,grad-norm,892.0752563476562,88.0
78,grad-norm,756.5241088867188,89.0
79,grad-norm,507.3126525878906,90.0
80,grad-norm,926.5350341796875,91.0
81,grad-norm,810.843017578125,92.0
82,grad-norm,1081.3170166015625,93.0
83,grad-norm,847.9880981445312,94.0
84,grad-norm,760.2794189453125,95.0
85,grad-norm,354.2907409667969,96.0
86,grad-norm,926.575439453125,97.0
87,grad-norm,846.0575561523438,98.0
88,grad-norm,688.1682739257812,99.0
89,grad-norm,561.8563842773438,100.0
90,grad-norm,605.45166015625,101.0
91,grad-norm,635.52197265625,102.0
92,grad-norm,1170.6568603515625,103.0
93,grad-norm,376.7620544433594,104.0
94,grad-norm,446.439697265625,105.0
95,grad-norm,615.6763305664062,106.0
96,grad-norm,499.1475830078125,107.0
97,grad-norm,420.7566223144531,108.0
98,grad-norm,575.6209716796875,109.0
99,grad-norm,633.775390625,110.0
100,grad-norm,814.975830078125,111.0
101,grad-norm,855.8905639648438,112.0
102,grad-norm,537.0394897460938,113.0
103,grad-norm,796.6055297851562,114.0
104,grad-norm,616.4386596679688,115.0
105,grad-norm,555.2871704101562,116.0
106,grad-norm,1006.8975830078125,117.0
107,grad-norm,1157.3206787109375,118.0
108,grad-norm,783.9646606445312,119.0
109,grad-norm,566.0274658203125,120.0
110,grad-norm,845.4808349609375,121.0
111,grad-norm,591.13134765625,122.0
112,grad-norm,1054.2247314453125,123.0
113,grad-norm,926.3319702148438,124.0
114,grad-norm,1025.3460693359375,125.0
115,grad-norm,654.8883666992188,126.0
116,grad-norm,578.3222045898438,127.0
117,grad-norm,944.3347778320312,128.0
118,grad-norm,912.9494018554688,129.0
119,grad-norm,731.6549682617188,130.0
120,grad-norm,416.24066162109375,131.0
121,grad-norm,946.0895385742188,132.0
122,grad-norm,1182.62744140625,133.0
123,grad-norm,437.0921325683594,134.0
124,grad-norm,436.299072265625,135.0
125,grad-norm,541.3129272460938,136.0
126,grad-norm,583.0098876953125,137.0
127,grad-norm,893.6771240234375,138.0
128,grad-norm,1039.7591552734375,139.0
129,grad-norm,632.8595581054688,140.0
130,grad-norm,1415.499755859375,141.0
131,grad-norm,549.9086303710938,142.0
132,grad-norm,1287.662841796875,143.0
133,grad-norm,1182.36767578125,144.0
134,grad-norm,1131.4637451171875,145.0
135,grad-norm,632.20166015625,146.0
136,grad-norm,1500.6021728515625,147.0
137,grad-norm,858.645751953125,148.0
138,grad-norm,662.763671875,149.0
139,grad-norm,852.495361328125,150.0
140,grad-norm,402.52813720703125,151.0
141,grad-norm,1038.9508056640625,152.0
142,grad-norm,653.1994018554688,153.0
143,grad-norm,465.8947448730469,154.0
144,grad-norm,634.569091796875,155.0
145,grad-norm,560.0308837890625,156.0
146,grad-norm,397.59014892578125,157.0
147,grad-norm,1194.47705078125,158.0
148,grad-norm,470.27423095703125,159.0
149,grad-norm,835.0007934570312,160.0
150,grad-norm,685.1177368164062,161.0
151,grad-norm,710.913330078125,162.0
152,grad-norm,617.3446044921875,163.0
153,grad-norm,530.8246459960938,164.0
154,grad-norm,1231.9556884765625,165.0
155,grad-norm,1306.562744140625,166.0
156,grad-norm,555.438232421875,167.0
157,grad-norm,915.1502075195312,168.0
158,grad-norm,581.6851196289062,169.0
159,grad-norm,1185.061767578125,170.0
160,grad-norm,649.860107421875,171.0
161,grad-norm,611.6407470703125,172.0
162,grad-norm,753.861572265625,173.0
163,grad-norm,667.9712524414062,174.0
164,grad-norm,398.76837158203125,175.0
165,grad-norm,536.0762939453125,176.0
166,grad-norm,468.1080627441406,177.0
167,grad-norm,575.6716918945312,178.0
168,grad-norm,667.8831176757812,179.0
169,grad-norm,948.6351928710938,180.0
170,grad-norm,1257.513671875,181.0
171,grad-norm,693.0823364257812,182.0
172,grad-norm,821.1904907226562,183.0
173,grad-norm,1169.0467529296875,184.0
174,grad-norm,1038.9056396484375,185.0
175,grad-norm,972.6088256835938,186.0
176,grad-norm,538.339599609375,187.0
177,grad-norm,1499.6334228515625,188.0
178,grad-norm,1037.7625732421875,189.0
179,grad-norm,1248.4102783203125,190.0
180,grad-norm,436.6623840332031,191.0
181,grad-norm,581.5597534179688,192.0
182,grad-norm,582.771484375,193.0
183,grad-norm,589.1392211914062,194.0
184,grad-norm,644.2875366210938,195.0
185,grad-norm,434.4792175292969,196.0
186,grad-norm,1060.816650390625,197.0
187,grad-norm,1206.4130859375,198.0
188,grad-norm,1323.714111328125,199.0
189,grad-norm,847.8472290039062,200.0
190,grad-norm,1466.9205322265625,201.0
191,grad-norm,1997.263916015625,202.0
192,grad-norm,504.0320129394531,203.0
193,grad-norm,902.4988403320312,204.0
194,grad-norm,628.0536499023438,205.0
195,grad-norm,1054.414306640625,206.0
196,grad-norm,1357.5966796875,207.0
197,grad-norm,475.82763671875,208.0
198,grad-norm,366.85870361328125,209.0
199,grad-norm,428.56005859375,210.0
200,grad-norm,719.0933837890625,211.0
201,grad-norm,1724.9996337890625,212.0
202,grad-norm,1080.636474609375,213.0
203,grad-norm,1037.523193359375,214.0
204,grad-norm,402.7001037597656,215.0
205,grad-norm,582.8804931640625,216.0
206,grad-norm,584.5421142578125,217.0
207,grad-norm,555.9478149414062,218.0
208,grad-norm,391.9993896484375,219.0
209,grad-norm,464.16064453125,220.0
210,grad-norm,413.9920654296875,221.0
211,grad-norm,623.6737670898438,222.0
212,grad-norm,546.3857421875,223.0
213,grad-norm,500.2369689941406,224.0
214,grad-norm,984.5838012695312,225.0
215,grad-norm,854.935791015625,226.0
216,grad-norm,515.4182739257812,227.0
217,grad-norm,1015.8978271484375,228.0
218,grad-norm,909.5279541015625,229.0
219,grad-norm,1139.4598388671875,230.0
220,grad-norm,443.0060119628906,231.0
221,grad-norm,861.6276245117188,232.0
222,grad-norm,626.0596313476562,233.0
223,grad-norm,384.74365234375,234.0
224,grad-norm,1555.9129638671875,235.0
225,grad-norm,627.211181640625,236.0
226,grad-norm,975.11376953125,237.0
227,grad-norm,1496.487060546875,238.0
228,grad-norm,629.363037109375,239.0
229,grad-norm,901.9341430664062,240.0
230,grad-norm,637.0711059570312,241.0
231,grad-norm,1210.8544921875,242.0
232,grad-norm,1435.5152587890625,243.0
233,grad-norm,423.06256103515625,244.0
234,grad-norm,904.0047607421875,245.0
235,grad-norm,493.1407165527344,246.0
236,grad-norm,366.549072265625,247.0
237,grad-norm,882.6835327148438,248.0
238,grad-norm,903.2875366210938,249.0
239,grad-norm,480.5994873046875,250.0
240,grad-norm,387.8240661621094,251.0
241,grad-norm,371.3339538574219,252.0
242,grad-norm,689.264404296875,253.0
243,grad-norm,419.54461669921875,254.0
244,grad-norm,885.148681640625,255.0
245,grad-norm,989.0466918945312,256.0
0,best_iter,154.0,11.0
1,best_iter,498.0,12.0
2,best_iter,499.0,13.0
3,best_iter,106.0,14.0
4,best_iter,162.0,15.0
5,best_iter,214.0,16.0
6,best_iter,498.0,17.0
7,best_iter,499.0,18.0
8,best_iter,413.0,19.0
9,best_iter,499.0,20.0
10,best_iter,499.0,21.0
11,best_iter,115.0,22.0
12,best_iter,141.0,23.0
13,best_iter,496.0,24.0
14,best_iter,499.0,25.0
15,best_iter,387.0,26.0
16,best_iter,416.0,27.0
17,best_iter,491.0,28.0
18,best_iter,498.0,29.0
19,best_iter,463.0,30.0
20,best_iter,207.0,31.0
21,best_iter,498.0,32.0
22,best_iter,498.0,33.0
23,best_iter,241.0,34.0
24,best_iter,458.0,35.0
25,best_iter,276.0,36.0
26,best_iter,204.0,37.0
27,best_iter,81.0,38.0
28,best_iter,497.0,39.0
29,best_iter,496.0,40.0
30,best_iter,499.0,41.0
31,best_iter,412.0,42.0
32,best_iter,495.0,43.0
33,best_iter,300.0,44.0
34,best_iter,117.0,45.0
35,best_iter,350.0,46.0
36,best_iter,438.0,47.0
37,best_iter,242.0,48.0
38,best_iter,216.0,49.0
39,best_iter,499.0,50.0
40,best_iter,499.0,51.0
41,best_iter,272.0,52.0
42,best_iter,498.0,53.0
43,best_iter,497.0,54.0
44,best_iter,482.0,55.0
45,best_iter,499.0,56.0
46,best_iter,499.0,57.0
47,best_iter,499.0,58.0
48,best_iter,499.0,59.0
49,best_iter,496.0,60.0
50,best_iter,499.0,61.0
51,best_iter,496.0,62.0
52,best_iter,280.0,63.0
53,best_iter,302.0,64.0
54,best_iter,499.0,65.0
55,best_iter,499.0,66.0
56,best_iter,499.0,67.0
57,best_iter,447.0,68.0
58,best_iter,499.0,69.0
59,best_iter,499.0,70.0
60,best_iter,499.0,71.0
61,best_iter,239.0,72.0
62,best_iter,498.0,73.0
63,best_iter,268.0,74.0
64,best_iter,499.0,75.0
65,best_iter,499.0,76.0
66,best_iter,499.0,77.0
67,best_iter,499.0,78.0
68,best_iter,499.0,79.0
69,best_iter,499.0,80.0
70,best_iter,322.0,81.0
71,best_iter,332.0,82.0
72,best_iter,499.0,83.0
73,best_iter,499.0,84.0
74,best_iter,499.0,85.0
75,best_iter,499.0,86.0
76,best_iter,499.0,87.0
77,best_iter,499.0,88.0
78,best_iter,306.0,89.0
79,best_iter,499.0,90.0
80,best_iter,498.0,91.0
81,best_iter,499.0,92.0
82,best_iter,499.0,93.0
83,best_iter,499.0,94.0
84,best_iter,499.0,95.0
85,best_iter,499.0,96.0
86,best_iter,499.0,97.0
87,best_iter,499.0,98.0
88,best_iter,499.0,99.0
89,best_iter,499.0,100.0
90,best_iter,499.0,101.0
91,best_iter,498.0,102.0
92,best_iter,497.0,103.0
93,best_iter,391.0,104.0
94,best_iter,499.0,105.0
95,best_iter,499.0,106.0
96,best_iter,499.0,107.0
97,best_iter,499.0,108.0
98,best_iter,499.0,109.0
99,best_iter,499.0,110.0
100,best_iter,496.0,111.0
101,best_iter,499.0,112.0
102,best_iter,499.0,113.0
103,best_iter,490.0,114.0
104,best_iter,499.0,115.0
105,best_iter,499.0,116.0
106,best_iter,499.0,117.0
107,best_iter,497.0,118.0
108,best_iter,499.0,119.0
109,best_iter,499.0,120.0
110,best_iter,499.0,121.0
111,best_iter,496.0,122.0
112,best_iter,494.0,123.0
113,best_iter,499.0,124.0
114,best_iter,495.0,125.0
115,best_iter,498.0,126.0
116,best_iter,499.0,127.0
117,best_iter,499.0,128.0
118,best_iter,499.0,129.0
119,best_iter,499.0,130.0
120,best_iter,499.0,131.0
121,best_iter,499.0,132.0
122,best_iter,499.0,133.0
123,best_iter,499.0,134.0
124,best_iter,499.0,135.0
125,best_iter,499.0,136.0
126,best_iter,499.0,137.0
127,best_iter,499.0,138.0
128,best_iter,490.0,139.0
129,best_iter,499.0,140.0
130,best_iter,498.0,141.0
131,best_iter,422.0,142.0
132,best_iter,499.0,143.0
133,best_iter,499.0,144.0
134,best_iter,499.0,145.0
135,best_iter,412.0,146.0
136,best_iter,498.0,147.0
137,best_iter,494.0,148.0
138,best_iter,499.0,149.0
139,best_iter,499.0,150.0
140,best_iter,497.0,151.0
141,best_iter,498.0,152.0
142,best_iter,499.0,153.0
143,best_iter,499.0,154.0
144,best_iter,499.0,155.0
145,best_iter,499.0,156.0
146,best_iter,499.0,157.0
147,best_iter,499.0,158.0
148,best_iter,497.0,159.0
149,best_iter,499.0,160.0
150,best_iter,499.0,161.0
151,best_iter,497.0,162.0
152,best_iter,499.0,163.0
153,best_iter,499.0,164.0
154,best_iter,499.0,165.0
155,best_iter,499.0,166.0
156,best_iter,499.0,167.0
157,best_iter,499.0,168.0
158,best_iter,498.0,169.0
159,best_iter,499.0,170.0
160,best_iter,499.0,171.0
161,best_iter,497.0,172.0
162,best_iter,499.0,173.0
163,best_iter,499.0,174.0
164,best_iter,498.0,175.0
165,best_iter,499.0,176.0
166,best_iter,499.0,177.0
167,best_iter,498.0,178.0
168,best_iter,499.0,179.0
169,best_iter,499.0,180.0
170,best_iter,493.0,181.0
171,best_iter,499.0,182.0
172,best_iter,489.0,183.0
173,best_iter,497.0,184.0
174,best_iter,499.0,185.0
175,best_iter,496.0,186.0
176,best_iter,498.0,187.0
177,best_iter,497.0,188.0
178,best_iter,497.0,189.0
179,best_iter,498.0,190.0
180,best_iter,499.0,191.0
181,best_iter,499.0,192.0
182,best_iter,496.0,193.0
183,best_iter,499.0,194.0
184,best_iter,498.0,195.0
185,best_iter,499.0,196.0
186,best_iter,499.0,197.0
187,best_iter,499.0,198.0
188,best_iter,497.0,199.0
189,best_iter,499.0,200.0
190,best_iter,499.0,201.0
191,best_iter,498.0,202.0
192,best_iter,499.0,203.0
193,best_iter,496.0,204.0
194,best_iter,499.0,205.0
195,best_iter,498.0,206.0
196,best_iter,498.0,207.0
197,best_iter,499.0,208.0
198,best_iter,499.0,209.0
199,best_iter,499.0,210.0
200,best_iter,499.0,211.0
201,best_iter,498.0,212.0
202,best_iter,499.0,213.0
203,best_iter,499.0,214.0
204,best_iter,499.0,215.0
205,best_iter,497.0,216.0
206,best_iter,498.0,217.0
207,best_iter,499.0,218.0
208,best_iter,498.0,219.0
209,best_iter,499.0,220.0
210,best_iter,499.0,221.0
211,best_iter,499.0,222.0
212,best_iter,499.0,223.0
213,best_iter,498.0,224.0
214,best_iter,499.0,225.0
215,best_iter,499.0,226.0
216,best_iter,499.0,227.0
217,best_iter,499.0,228.0
218,best_iter,499.0,229.0
219,best_iter,499.0,230.0
220,best_iter,499.0,231.0
221,best_iter,499.0,232.0
222,best_iter,499.0,233.0
223,best_iter,499.0,234.0
224,best_iter,499.0,235.0
225,best_iter,499.0,236.0
226,best_iter,497.0,237.0
227,best_iter,499.0,238.0
228,best_iter,499.0,239.0
229,best_iter,499.0,240.0
230,best_iter,497.0,241.0
231,best_iter,499.0,242.0
232,best_iter,499.0,243.0
233,best_iter,499.0,244.0
234,best_iter,498.0,245.0
235,best_iter,499.0,246.0
236,best_iter,499.0,247.0
237,best_iter,499.0,248.0
238,best_iter,499.0,249.0
239,best_iter,483.0,250.0
240,best_iter,499.0,251.0
241,best_iter,498.0,252.0
242,best_iter,498.0,253.0
243,best_iter,499.0,254.0
244,best_iter,495.0,255.0
245,best_iter,499.0,256.0
0,samples_taken,500.0,11.0
1,samples_taken,500.0,12.0
2,samples_taken,500.0,13.0
3,samples_taken,500.0,14.0
4,samples_taken,500.0,15.0
5,samples_taken,500.0,16.0
6,samples_taken,500.0,17.0
7,samples_taken,500.0,18.0
8,samples_taken,500.0,19.0
9,samples_taken,500.0,20.0
10,samples_taken,500.0,21.0
11,samples_taken,500.0,22.0
12,samples_taken,500.0,23.0
13,samples_taken,500.0,24.0
14,samples_taken,500.0,25.0
15,samples_taken,500.0,26.0
16,samples_taken,500.0,27.0
17,samples_taken,500.0,28.0
18,samples_taken,500.0,29.0
19,samples_taken,500.0,30.0
20,samples_taken,500.0,31.0
21,samples_taken,500.0,32.0
22,samples_taken,500.0,33.0
23,samples_taken,500.0,34.0
24,samples_taken,500.0,35.0
25,samples_taken,500.0,36.0
26,samples_taken,500.0,37.0
27,samples_taken,500.0,38.0
28,samples_taken,500.0,39.0
29,samples_taken,500.0,40.0
30,samples_taken,500.0,41.0
31,samples_taken,500.0,42.0
32,samples_taken,500.0,43.0
33,samples_taken,500.0,44.0
34,samples_taken,500.0,45.0
35,samples_taken,500.0,46.0
36,samples_taken,500.0,47.0
37,samples_taken,500.0,48.0
38,samples_taken,500.0,49.0
39,samples_taken,500.0,50.0
40,samples_taken,500.0,51.0
41,samples_taken,500.0,52.0
42,samples_taken,500.0,53.0
43,samples_taken,500.0,54.0
44,samples_taken,500.0,55.0
45,samples_taken,500.0,56.0
46,samples_taken,500.0,57.0
47,samples_taken,500.0,58.0
48,samples_taken,500.0,59.0
49,samples_taken,500.0,60.0
50,samples_taken,500.0,61.0
51,samples_taken,500.0,62.0
52,samples_taken,500.0,63.0
53,samples_taken,500.0,64.0
54,samples_taken,500.0,65.0
55,samples_taken,500.0,66.0
56,samples_taken,500.0,67.0
57,samples_taken,500.0,68.0
58,samples_taken,500.0,69.0
59,samples_taken,500.0,70.0
60,samples_taken,500.0,71.0
61,samples_taken,500.0,72.0
62,samples_taken,500.0,73.0
63,samples_taken,500.0,74.0
64,samples_taken,500.0,75.0
65,samples_taken,500.0,76.0
66,samples_taken,500.0,77.0
67,samples_taken,500.0,78.0
68,samples_taken,500.0,79.0
69,samples_taken,500.0,80.0
70,samples_taken,500.0,81.0
71,samples_taken,500.0,82.0
72,samples_taken,500.0,83.0
73,samples_taken,500.0,84.0
74,samples_taken,500.0,85.0
75,samples_taken,500.0,86.0
76,samples_taken,500.0,87.0
77,samples_taken,500.0,88.0
78,samples_taken,500.0,89.0
79,samples_taken,500.0,90.0
80,samples_taken,500.0,91.0
81,samples_taken,500.0,92.0
82,samples_taken,500.0,93.0
83,samples_taken,500.0,94.0
84,samples_taken,500.0,95.0
85,samples_taken,500.0,96.0
86,samples_taken,500.0,97.0
87,samples_taken,500.0,98.0
88,samples_taken,500.0,99.0
89,samples_taken,500.0,100.0
90,samples_taken,500.0,101.0
91,samples_taken,500.0,102.0
92,samples_taken,500.0,103.0
93,samples_taken,500.0,104.0
94,samples_taken,500.0,105.0
95,samples_taken,500.0,106.0
96,samples_taken,500.0,107.0
97,samples_taken,500.0,108.0
98,samples_taken,500.0,109.0
99,samples_taken,500.0,110.0
100,samples_taken,500.0,111.0
101,samples_taken,500.0,112.0
102,samples_taken,500.0,113.0
103,samples_taken,500.0,114.0
104,samples_taken,500.0,115.0
105,samples_taken,500.0,116.0
106,samples_taken,500.0,117.0
107,samples_taken,500.0,118.0
108,samples_taken,500.0,119.0
109,samples_taken,500.0,120.0
110,samples_taken,500.0,121.0
111,samples_taken,500.0,122.0
112,samples_taken,500.0,123.0
113,samples_taken,500.0,124.0
114,samples_taken,500.0,125.0
115,samples_taken,500.0,126.0
116,samples_taken,500.0,127.0
117,samples_taken,500.0,128.0
118,samples_taken,500.0,129.0
119,samples_taken,500.0,130.0
120,samples_taken,500.0,131.0
121,samples_taken,500.0,132.0
122,samples_taken,500.0,133.0
123,samples_taken,500.0,134.0
124,samples_taken,500.0,135.0
125,samples_taken,500.0,136.0
126,samples_taken,500.0,137.0
127,samples_taken,500.0,138.0
128,samples_taken,500.0,139.0
129,samples_taken,500.0,140.0
130,samples_taken,500.0,141.0
131,samples_taken,500.0,142.0
132,samples_taken,500.0,143.0
133,samples_taken,500.0,144.0
134,samples_taken,500.0,145.0
135,samples_taken,500.0,146.0
136,samples_taken,500.0,147.0
137,samples_taken,500.0,148.0
138,samples_taken,500.0,149.0
139,samples_taken,500.0,150.0
140,samples_taken,500.0,151.0
141,samples_taken,500.0,152.0
142,samples_taken,500.0,153.0
143,samples_taken,500.0,154.0
144,samples_taken,500.0,155.0
145,samples_taken,500.0,156.0
146,samples_taken,500.0,157.0
147,samples_taken,500.0,158.0
148,samples_taken,500.0,159.0
149,samples_taken,500.0,160.0
150,samples_taken,500.0,161.0
151,samples_taken,500.0,162.0
152,samples_taken,500.0,163.0
153,samples_taken,500.0,164.0
154,samples_taken,500.0,165.0
155,samples_taken,500.0,166.0
156,samples_taken,500.0,167.0
157,samples_taken,500.0,168.0
158,samples_taken,500.0,169.0
159,samples_taken,500.0,170.0
160,samples_taken,500.0,171.0
161,samples_taken,500.0,172.0
162,samples_taken,500.0,173.0
163,samples_taken,500.0,174.0
164,samples_taken,500.0,175.0
165,samples_taken,500.0,176.0
166,samples_taken,500.0,177.0
167,samples_taken,500.0,178.0
168,samples_taken,500.0,179.0
169,samples_taken,500.0,180.0
170,samples_taken,500.0,181.0
171,samples_taken,500.0,182.0
172,samples_taken,500.0,183.0
173,samples_taken,500.0,184.0
174,samples_taken,500.0,185.0
175,samples_taken,500.0,186.0
176,samples_taken,500.0,187.0
177,samples_taken,500.0,188.0
178,samples_taken,500.0,189.0
179,samples_taken,500.0,190.0
180,samples_taken,500.0,191.0
181,samples_taken,500.0,192.0
182,samples_taken,500.0,193.0
183,samples_taken,500.0,194.0
184,samples_taken,500.0,195.0
185,samples_taken,500.0,196.0
186,samples_taken,500.0,197.0
187,samples_taken,500.0,198.0
188,samples_taken,500.0,199.0
189,samples_taken,500.0,200.0
190,samples_taken,500.0,201.0
191,samples_taken,500.0,202.0
192,samples_taken,500.0,203.0
193,samples_taken,500.0,204.0
194,samples_taken,500.0,205.0
195,samples_taken,500.0,206.0
196,samples_taken,500.0,207.0
197,samples_taken,500.0,208.0
198,samples_taken,500.0,209.0
199,samples_taken,500.0,210.0
200,samples_taken,500.0,211.0
201,samples_taken,500.0,212.0
202,samples_taken,500.0,213.0
203,samples_taken,500.0,214.0
204,samples_taken,500.0,215.0
205,samples_taken,500.0,216.0
206,samples_taken,500.0,217.0
207,samples_taken,500.0,218.0
208,samples_taken,500.0,219.0
209,samples_taken,500.0,220.0
210,samples_taken,500.0,221.0
211,samples_taken,500.0,222.0
212,samples_taken,500.0,223.0
213,samples_taken,500.0,224.0
214,samples_taken,500.0,225.0
215,samples_taken,500.0,226.0
216,samples_taken,500.0,227.0
217,samples_taken,500.0,228.0
218,samples_taken,500.0,229.0
219,samples_taken,500.0,230.0
220,samples_taken,500.0,231.0
221,samples_taken,500.0,232.0
222,samples_taken,500.0,233.0
223,samples_taken,500.0,234.0
224,samples_taken,500.0,235.0
225,samples_taken,500.0,236.0
226,samples_taken,500.0,237.0
227,samples_taken,500.0,238.0
228,samples_taken,500.0,239.0
229,samples_taken,500.0,240.0
230,samples_taken,500.0,241.0
231,samples_taken,500.0,242.0
232,samples_taken,500.0,243.0
233,samples_taken,500.0,244.0
234,samples_taken,500.0,245.0
235,samples_taken,500.0,246.0
236,samples_taken,500.0,247.0
237,samples_taken,500.0,248.0
238,samples_taken,500.0,249.0
239,samples_taken,500.0,250.0
240,samples_taken,500.0,251.0
241,samples_taken,500.0,252.0
242,samples_taken,500.0,253.0
243,samples_taken,500.0,254.0
244,samples_taken,500.0,255.0
245,samples_taken,500.0,256.0
